Zeit [s],Leistung [kW]
0.0,0.0
0.5,0.0
1.0,0.0
1.5,0.0
2.0,0.0
2.5,0.0
3.0,0.0
3.5,0.0
4.0,0.0
4.5,0.0
5.0,0.0
5.5,0.0
6.0,0.0
6.5,0.0
7.0,0.0
7.5,0.0
8.0,0.0
8.5,0.0
9.0,0.0
9.5,0.0
10.0,0.0
10.5,0.0
11.0,0.0
11.5,2.4
12.0,9.5
12.5,2.7
13.0,5.8
13.5,5.4
14.0,9.7
14.5,9.5
15.0,5.4
15.5,0.4
16.0,1.2
16.5,1.0
17.0,0.2
17.5,-0.2
18.0,-0.1
18.5,-0.1
19.0,-0.1
19.5,-0.1
20.0,-0.1
20.5,-0.1
21.0,-0.1
21.5,-0.1
22.0,-0.1
22.5,1.3
23.0,3.9
23.5,0.9
24.0,-0.4
24.5,-0.5
25.0,-2.4
25.5,-3.4
26.0,-1.1
26.5,0.0
27.0,0.0
27.5,0.0
28.0,0.0
28.5,0.0
29.0,0.0
29.5,0.0
30.0,0.0
30.5,0.0
31.0,0.0
31.5,0.0
32.0,0.0
32.5,0.0
33.0,0.0
33.5,0.0
34.0,0.0
34.5,0.0
35.0,0.0
35.5,0.0
36.0,0.0
36.5,0.0
37.0,0.0
37.5,0.0
38.0,0.0
38.5,0.0
39.0,0.0
39.5,0.0
40.0,0.0
40.5,0.0
41.0,0.0
41.5,0.0
42.0,0.0
42.5,0.0
43.0,0.0
43.5,0.0
44.0,0.0
44.5,0.0
45.0,0.0
45.5,0.0
46.0,0.0
46.5,0.0
47.0,0.0
47.5,0.0
48.0,0.0
48.5,0.0
49.0,0.0
49.5,0.0
50.0,9.9
50.5,3.8
51.0,1.0
51.5,3.9
52.0,3.2
52.5,2.1
53.0,3.0
53.5,7.0
54.0,6.8
54.5,6.5
55.0,7.0
55.5,7.2
56.0,-0.1
56.5,0.5
57.0,9.7
57.5,6.6
58.0,5.8
58.5,6.1
59.0,6.4
59.5,6.6
60.0,6.7
60.5,5.3
61.0,4.3
61.5,0.7
62.0,0.0
62.5,1.7
63.0,0.9
63.5,-0.2
64.0,-0.2
64.5,-0.3
65.0,-0.1
65.5,0.0
66.0,0.0
66.5,0.1
67.0,0.3
67.5,0.3
68.0,0.3
68.5,0.3
69.0,0.3
69.5,0.3
70.0,0.3
70.5,0.3
71.0,0.3
71.5,0.3
72.0,0.3
72.5,0.3
73.0,0.3
73.5,0.3
74.0,0.3
74.5,0.3
75.0,0.3
75.5,0.3
76.0,0.3
76.5,0.3
77.0,0.3
77.5,0.3
78.0,0.3
78.5,0.3
79.0,0.3
79.5,0.3
80.0,0.3
80.5,0.3
81.0,0.3
81.5,0.3
82.0,0.3
82.5,0.3
83.0,0.3
83.5,0.1
84.0,0.1
84.5,-0.4
85.0,1.7
85.5,-2.7
86.0,-4.0
86.5,-6.8
87.0,-1.2
87.5,-4.2
88.0,-0.7
88.5,0.0
89.0,-2.7
89.5,-2.9
90.0,-2.6
90.5,-2.9
91.0,0.0
91.5,1.5
92.0,-1.8
92.5,-1.7
93.0,-1.1
93.5,-1.8
94.0,-2.1
94.5,-3.0
95.0,0.0
95.5,0.0
96.0,0.0
96.5,0.0
97.0,0.0
97.5,0.0
98.0,0.0
98.5,0.0
99.0,0.0
99.5,0.0
100.0,0.0
100.5,0.0
101.0,0.0
101.5,0.0
102.0,0.0
102.5,0.0
103.0,0.0
103.5,0.0
104.0,0.0
104.5,0.0
105.0,0.0
105.5,0.0
106.0,0.0
106.5,0.0
107.0,0.0
107.5,0.0
108.0,0.0
108.5,0.0
109.0,0.0
109.5,0.0
110.0,0.0
110.5,0.0
111.0,0.0
111.5,0.0
112.0,0.0
112.5,0.0
113.0,0.0
113.5,0.0
114.0,0.0
114.5,0.0
115.0,0.0
115.5,0.0
116.0,0.1
116.5,0.0
117.0,0.0
117.5,0.0
118.0,9.9
118.5,2.9
119.0,1.2
119.5,3.2
120.0,2.9
120.5,1.8
121.0,2.3
121.5,3.7
122.0,5.7
122.5,3.1
123.0,2.6
123.5,2.3
124.0,2.3
124.5,0.0
125.0,2.4
125.5,1.6
126.0,2.2
126.5,2.2
127.0,2.7
127.5,4.9
128.0,3.2
128.5,1.5
129.0,1.6
129.5,1.7
130.0,1.7
130.5,1.8
131.0,1.8
131.5,2.7
132.0,3.4
132.5,1.0
133.0,0.0
133.5,5.8
134.0,5.5
134.5,4.7
135.0,4.2
135.5,4.1
136.0,4.2
136.5,4.2
137.0,4.0
137.5,3.9
138.0,3.7
138.5,3.6
139.0,3.3
139.5,2.8
140.0,2.0
140.5,1.9
141.0,2.0
141.5,2.1
142.0,2.1
142.5,1.7
143.0,0.6
143.5,0.6
144.0,0.0
144.5,-1.4
145.0,0.7
145.5,0.5
146.0,0.6
146.5,0.8
147.0,0.9
147.5,0.8
148.0,0.8
148.5,0.9
149.0,0.8
149.5,0.8
150.0,0.8
150.5,0.8
151.0,0.8
151.5,0.8
152.0,0.8
152.5,0.8
153.0,0.8
153.5,0.8
154.0,0.8
154.5,0.6
155.0,-1.5
155.5,-1.6
156.0,-4.3
156.5,-4.6
157.0,-4.4
157.5,-4.2
158.0,-4.1
158.5,-4.0
159.0,-3.9
159.5,-3.9
160.0,-3.8
160.5,-4.2
161.0,0.0
161.5,0.0
162.0,0.1
162.5,-0.2
163.0,0.6
163.5,-0.3
164.0,0.9
164.5,0.8
165.0,0.6
165.5,0.5
166.0,0.4
166.5,0.0
167.0,0.0
167.5,0.0
168.0,-0.1
168.5,-0.1
169.0,-0.1
169.5,-0.1
170.0,-0.1
170.5,-0.1
171.0,-0.1
171.5,-0.1
172.0,-0.1
172.5,-0.1
173.0,-0.1
173.5,-0.1
174.0,-0.1
174.5,-0.1
175.0,-0.1
175.5,-0.3
176.0,-1.2
176.5,0.7
177.0,-0.8
177.5,-1.4
178.0,-3.7
178.5,-6.7
179.0,-7.3
179.5,-6.7
180.0,0.0
180.5,-6.4
181.0,-2.0
181.5,-3.7
182.0,-3.5
182.5,-4.0
183.0,0.0
183.5,-7.8
184.0,2.1
184.5,-1.8
185.0,-2.6
185.5,-2.6
186.0,-2.1
186.5,-2.4
187.0,0.0
187.5,0.0
188.0,0.0
188.5,0.0
189.0,0.0
189.5,0.0
190.0,0.0
190.5,0.0
191.0,0.0
191.5,0.0
192.0,0.0
192.5,0.0
193.0,0.0
193.5,0.0
194.0,0.0
194.5,0.0
195.0,0.0
195.5,0.0
196.0,0.0
196.5,0.0
197.0,0.0
197.5,0.0
198.0,0.0
198.5,0.0
199.0,0.0
199.5,0.0
200.0,0.0
200.5,0.0
201.0,0.0
201.5,0.0
202.0,0.0
202.5,0.0
203.0,0.0
203.5,0.0
204.0,0.0
204.5,0.0
205.0,0.0
205.5,0.0
206.0,0.0
206.5,3.1
207.0,8.6
207.5,1.9
208.0,3.8
208.5,2.1
209.0,4.1
209.5,3.2
210.0,-0.3
210.5,-0.4
211.0,-1.8
211.5,-1.2
212.0,-0.9
212.5,-1.0
213.0,-1.0
213.5,-1.0
214.0,-1.0
214.5,-1.0
215.0,-1.0
215.5,-1.0
216.0,-1.0
216.5,-1.0
217.0,-1.0
217.5,-1.6
218.0,-1.3
218.5,0.8
219.0,-1.0
219.5,-0.8
220.0,-1.7
220.5,-2.1
221.0,-2.1
221.5,-2.3
222.0,0.0
222.5,0.0
223.0,0.0
223.5,0.0
224.0,0.0
224.5,0.0
225.0,0.0
225.5,0.0
226.0,0.0
226.5,0.0
227.0,0.0
227.5,0.0
228.0,0.0
228.5,0.0
229.0,0.0
229.5,0.0
230.0,0.0
230.5,0.0
231.0,0.0
231.5,0.0
232.0,0.0
232.5,0.0
233.0,0.0
233.5,0.0
234.0,0.0
234.5,0.0
235.0,0.0
235.5,0.0
236.0,0.0
236.5,0.0
237.0,0.0
237.5,0.0
238.0,0.0
238.5,0.0
239.0,0.0
239.5,0.0
240.0,0.0
240.5,0.0
241.0,0.0
241.5,0.0
242.0,0.0
242.5,0.0
243.0,0.0
243.5,0.0
244.0,0.0
244.5,0.0
245.0,9.5
245.5,1.2
246.0,1.5
246.5,3.0
247.0,2.3
247.5,1.5
248.0,1.8
248.5,1.7
249.0,2.2
249.5,1.5
250.0,1.5
250.5,2.1
251.0,-3.2
251.5,0.0
252.0,4.5
252.5,3.5
253.0,4.0
253.5,4.7
254.0,4.7
254.5,3.9
255.0,2.2
255.5,2.0
256.0,0.1
256.5,-0.2
257.0,-0.9
257.5,0.0
258.0,-1.3
258.5,-0.6
259.0,-0.6
259.5,-0.6
260.0,-0.6
260.5,-0.6
261.0,-0.6
261.5,0.6
262.0,0.4
262.5,0.0
263.0,0.0
263.5,-0.1
264.0,-0.1
264.5,-0.1
265.0,-0.1
265.5,-0.1
266.0,-0.1
266.5,-0.1
267.0,-0.1
267.5,-0.1
268.0,-0.1
268.5,-0.1
269.0,-0.1
269.5,-0.1
270.0,-0.1
270.5,-0.1
271.0,-0.1
271.5,-0.1
272.0,-0.1
272.5,-0.1
273.0,-0.1
273.5,-0.1
274.0,-0.1
274.5,-0.1
275.0,-0.1
275.5,-0.1
276.0,-0.1
276.5,-0.1
277.0,-0.1
277.5,-0.1
278.0,-0.1
278.5,-0.1
279.0,-0.1
279.5,-0.5
280.0,0.7
280.5,-3.4
281.0,-3.5
281.5,-7.1
282.0,-6.2
282.5,-7.6
283.0,-4.3
283.5,-1.7
284.0,-3.5
284.5,-3.2
285.0,-2.9
285.5,-3.0
286.0,0.0
286.5,0.9
287.0,-2.7
287.5,-1.8
288.0,-2.8
288.5,-2.0
289.0,-2.3
289.5,-2.2
290.0,0.0
290.5,0.0
291.0,0.0
291.5,0.0
292.0,0.0
292.5,0.0
293.0,0.0
293.5,0.0
294.0,0.0
294.5,0.0
295.0,0.0
295.5,0.0
296.0,0.0
296.5,0.0
297.0,0.0
297.5,0.0
298.0,0.0
298.5,0.0
299.0,0.0
299.5,0.0
300.0,0.0
300.5,0.0
301.0,0.0
301.5,0.0
302.0,0.0
302.5,0.0
303.0,0.0
303.5,0.0
304.0,0.0
304.5,0.0
305.0,0.0
305.5,0.0
306.0,0.0
306.5,0.0
307.0,0.0
307.5,0.0
308.0,0.0
308.5,0.0
309.0,0.0
309.5,0.0
310.0,0.0
310.5,0.0
311.0,0.0
311.5,0.0
312.0,0.0
312.5,0.0
313.0,9.5
313.5,1.4
314.0,1.5
314.5,3.0
315.0,2.3
315.5,1.5
316.0,1.9
316.5,1.8
317.0,2.2
317.5,1.4
318.0,1.3
318.5,1.5
319.0,1.5
319.5,-0.1
320.0,1.9
320.5,1.6
321.0,1.7
321.5,1.6
322.0,1.4
322.5,1.3
323.0,1.0
323.5,1.1
324.0,1.1
324.5,1.2
325.0,1.2
325.5,1.2
326.0,1.1
326.5,1.1
327.0,0.0
327.5,2.3
328.0,5.3
328.5,4.8
329.0,3.7
329.5,3.1
330.0,2.8
330.5,2.8
331.0,2.8
331.5,2.7
332.0,2.6
332.5,2.5
333.0,2.3
333.5,2.2
334.0,2.0
334.5,1.8
335.0,1.6
335.5,1.6
336.0,1.7
336.5,1.7
337.0,1.8
337.5,1.5
338.0,0.3
338.5,-0.7
339.0,0.0
339.5,0.3
340.0,-0.1
340.5,-0.1
341.0,0.0
341.5,0.5
342.0,0.6
342.5,0.7
343.0,0.8
343.5,0.8
344.0,0.8
344.5,0.9
345.0,0.9
345.5,0.9
346.0,0.9
346.5,0.9
347.0,0.9
347.5,0.8
348.0,0.8
348.5,0.8
349.0,0.8
349.5,0.4
350.0,-1.6
350.5,-1.8
351.0,-5.1
351.5,-5.1
352.0,-5.0
352.5,-4.8
353.0,-4.6
353.5,-4.5
354.0,-4.4
354.5,-4.3
355.0,-4.2
355.5,-4.6
356.0,0.0
356.5,-3.9
357.0,-0.5
357.5,-0.7
358.0,0.6
358.5,-0.2
359.0,0.8
359.5,0.7
360.0,0.5
360.5,0.3
361.0,0.0
361.5,-0.1
362.0,-0.1
362.5,-0.1
363.0,-0.1
363.5,-0.1
364.0,-0.1
364.5,-0.1
365.0,-0.2
365.5,-0.2
366.0,-0.2
366.5,-0.2
367.0,-0.2
367.5,-0.2
368.0,-0.2
368.5,-0.2
369.0,-0.2
369.5,-0.2
370.0,-0.2
370.5,-0.4
371.0,-1.3
371.5,0.3
372.0,-1.4
372.5,-1.9
373.0,-4.2
373.5,-7.1
374.0,-7.6
374.5,-7.1
375.0,0.0
375.5,-6.0
376.0,-2.3
376.5,-3.6
377.0,-5.3
377.5,-2.9
378.0,-4.0
378.5,-9.0
379.0,5.2
379.5,-4.5
380.0,-2.1
380.5,-2.3
381.0,-2.9
381.5,-3.9
382.0,0.0
382.5,0.0
383.0,0.0
383.5,0.0
384.0,0.0
384.5,0.0
385.0,0.0
385.5,0.0
386.0,0.0
386.5,0.0
387.0,0.0
387.5,0.0
388.0,0.0
388.5,0.0
389.0,0.0
389.5,0.0
390.0,0.0
390.5,0.0
391.0,0.0
391.5,0.0
392.0,0.0
392.5,0.0
393.0,0.0
393.5,0.0
394.0,0.0
394.5,0.0
395.0,0.0
395.5,0.0
396.0,0.0
396.5,0.0
397.0,0.0
397.5,0.0
398.0,0.0
398.5,0.0
399.0,0.0
399.5,0.0
400.0,0.0
400.5,0.0
401.0,0.0
401.5,3.1
402.0,8.3
402.5,1.7
403.0,4.0
403.5,2.1
404.0,4.1
404.5,3.2
405.0,-0.2
405.5,-0.4
406.0,-1.8
406.5,-1.2
407.0,-0.9
407.5,-1.1
408.0,-1.1
408.5,-1.0
409.0,-1.0
409.5,-1.0
410.0,-1.0
410.5,-1.0
411.0,-1.0
411.5,-1.0
412.0,-1.0
412.5,-1.6
413.0,0.6
413.5,-0.2
414.0,-1.5
414.5,-1.2
415.0,-2.0
415.5,-2.3
416.0,-2.4
416.5,-2.6
417.0,0.0
417.5,0.0
418.0,0.0
418.5,0.0
419.0,0.0
419.5,0.0
420.0,0.0
420.5,0.0
421.0,0.0
421.5,0.0
422.0,0.0
422.5,0.0
423.0,0.0
423.5,0.0
424.0,0.0
424.5,0.0
425.0,0.0
425.5,0.0
426.0,0.0
426.5,0.0
427.0,0.0
427.5,0.0
428.0,0.0
428.5,0.0
429.0,0.0
429.5,0.0
430.0,0.0
430.5,0.0
431.0,0.0
431.5,0.0
432.0,0.0
432.5,0.0
433.0,0.0
433.5,0.0
434.0,0.0
434.5,0.0
435.0,0.0
435.5,0.0
436.0,0.0
436.5,0.0
437.0,0.0
437.5,0.0
438.0,0.0
438.5,0.0
439.0,0.0
439.5,0.0
440.0,9.5
440.5,1.9
441.0,1.2
441.5,3.0
442.0,2.4
442.5,1.5
443.0,1.8
443.5,1.8
444.0,2.3
444.5,1.5
445.0,1.5
445.5,2.2
446.0,-3.2
446.5,0.6
447.0,5.1
447.5,3.6
448.0,4.0
448.5,4.6
449.0,4.7
449.5,4.0
450.0,2.2
450.5,2.0
451.0,0.3
451.5,0.0
452.0,0.0
452.5,0.2
453.0,-0.7
453.5,-0.6
454.0,-0.6
454.5,-0.6
455.0,-0.6
455.5,-0.6
456.0,-0.6
456.5,0.0
457.0,0.7
457.5,0.5
458.0,0.2
458.5,0.0
459.0,-0.1
459.5,-0.1
460.0,-0.1
460.5,-0.1
461.0,-0.1
461.5,-0.1
462.0,-0.1
462.5,-0.1
463.0,-0.1
463.5,-0.1
464.0,-0.1
464.5,-0.1
465.0,-0.1
465.5,-0.1
466.0,-0.1
466.5,-0.1
467.0,-0.1
467.5,-0.1
468.0,-0.1
468.5,-0.1
469.0,-0.1
469.5,-0.1
470.0,-0.1
470.5,-0.1
471.0,-0.1
471.5,-0.1
472.0,-0.1
472.5,-0.1
473.0,-0.1
473.5,-0.1
474.0,-0.1
474.5,-0.6
475.0,0.8
475.5,-3.6
476.0,-3.8
476.5,-7.5
477.0,-4.1
477.5,-1.2
478.0,-6.4
478.5,-2.3
479.0,-4.1
479.5,-3.5
480.0,-3.1
480.5,-3.4
481.0,0.0
481.5,0.9
482.0,-3.1
482.5,-2.6
483.0,-2.1
483.5,-2.4
484.0,-2.5
484.5,-1.3
485.0,0.0
485.5,0.0
486.0,0.0
486.5,0.0
487.0,0.0
487.5,0.0
488.0,0.0
488.5,0.0
489.0,0.0
489.5,0.0
490.0,0.0
490.5,0.0
491.0,0.0
491.5,0.0
492.0,0.0
492.5,0.0
493.0,0.0
493.5,0.0
494.0,0.0
494.5,0.0
495.0,0.0
495.5,0.0
496.0,0.0
496.5,0.0
497.0,0.0
497.5,0.0
498.0,0.0
498.5,0.0
499.0,0.0
499.5,0.0
500.0,0.0
500.5,0.0
501.0,0.0
501.5,0.0
502.0,0.0
502.5,0.0
503.0,0.0
503.5,0.0
504.0,0.0
504.5,0.0
505.0,0.0
505.5,0.0
506.0,0.0
506.5,0.0
507.0,0.0
507.5,0.0
508.0,9.7
508.5,2.1
509.0,1.3
509.5,3.0
510.0,2.4
510.5,1.5
511.0,1.9
511.5,2.0
512.0,2.5
512.5,1.5
513.0,1.3
513.5,1.5
514.0,1.5
514.5,0.0
515.0,1.9
515.5,1.3
516.0,1.7
516.5,1.6
517.0,1.5
517.5,1.5
518.0,1.2
518.5,1.1
519.0,1.2
519.5,1.2
520.0,1.2
520.5,1.2
521.0,0.0
521.5,5.1
522.0,5.4
522.5,4.8
523.0,3.5
523.5,3.1
524.0,3.1
524.5,2.7
525.0,2.6
525.5,2.6
526.0,2.6
526.5,2.6
527.0,2.5
527.5,2.4
528.0,2.2
528.5,2.1
529.0,1.9
529.5,1.7
530.0,1.6
530.5,1.6
531.0,1.6
531.5,1.7
532.0,1.7
532.5,1.3
533.0,0.1
533.5,0.0
534.0,-1.4
534.5,0.0
535.0,-0.2
535.5,-0.1
536.0,0.0
536.5,0.4
537.0,0.6
537.5,0.6
538.0,0.7
538.5,0.8
539.0,0.8
539.5,0.8
540.0,0.8
540.5,0.9
541.0,0.9
541.5,0.9
542.0,0.9
542.5,0.8
543.0,0.8
543.5,0.8
544.0,0.8
544.5,0.4
545.0,-1.4
545.5,-1.9
546.0,-5.6
546.5,-5.4
547.0,-5.2
547.5,-5.0
548.0,-4.9
548.5,-4.7
549.0,-4.6
549.5,-4.5
550.0,-4.4
550.5,-4.7
551.0,0.0
551.5,-4.7
552.0,-0.3
552.5,-1.0
553.0,0.9
553.5,-0.3
554.0,0.8
554.5,0.7
555.0,0.5
555.5,0.1
556.0,0.0
556.5,-0.1
557.0,-0.1
557.5,-0.1
558.0,-0.1
558.5,-0.1
559.0,-0.2
559.5,-0.2
560.0,-0.2
560.5,-0.2
561.0,-0.2
561.5,-0.2
562.0,-0.2
562.5,-0.2
563.0,-0.2
563.5,-0.2
564.0,-0.2
564.5,-0.2
565.0,-0.2
565.5,-0.3
566.0,-1.3
566.5,-0.1
567.0,-1.6
567.5,-2.1
568.0,-4.4
568.5,-7.3
569.0,-7.8
569.5,-7.2
570.0,0.0
570.5,-6.0
571.0,-2.8
571.5,-3.8
572.0,-5.5
572.5,-3.0
573.0,0.0
573.5,-3.4
574.0,0.2
574.5,-5.1
575.0,-2.4
575.5,-2.9
576.0,-2.6
576.5,-2.8
577.0,0.0
577.5,0.0
578.0,0.0
578.5,0.0
579.0,0.0
579.5,0.0
580.0,0.0
580.5,0.0
581.0,0.0
581.5,0.0
582.0,0.0
582.5,0.0
583.0,0.0
583.5,0.0
584.0,0.0
584.5,0.0
585.0,0.0
585.5,0.0
586.0,0.0
586.5,0.0
587.0,0.0
587.5,0.0
588.0,0.0
588.5,0.0
589.0,0.0
589.5,0.0
590.0,0.0
590.5,0.0
591.0,0.0
591.5,0.0
592.0,0.0
592.5,0.0
593.0,0.0
593.5,0.0
594.0,0.0
594.5,0.0
595.0,0.0
595.5,0.0
596.0,0.0
596.5,4.1
597.0,7.7
597.5,2.3
598.0,4.0
598.5,2.2
599.0,4.2
599.5,3.1
600.0,1.1
600.5,-0.5
601.0,-1.7
601.5,-1.2
602.0,-1.0
602.5,-1.1
603.0,-1.1
603.5,-1.1
604.0,-1.1
604.5,-1.1
605.0,-1.1
605.5,-1.1
606.0,-1.1
606.5,-1.1
607.0,-1.1
607.5,-1.6
608.0,0.2
608.5,-0.6
609.0,-1.6
609.5,-1.4
610.0,-2.2
610.5,-2.5
611.0,-2.5
611.5,-2.0
612.0,0.0
612.5,0.0
613.0,0.0
613.5,0.0
614.0,0.0
614.5,0.0
615.0,0.0
615.5,0.0
616.0,0.0
616.5,0.0
617.0,0.0
617.5,0.0
618.0,0.0
618.5,0.0
619.0,0.0
619.5,0.0
620.0,0.0
620.5,0.0
621.0,0.0
621.5,0.0
622.0,0.0
622.5,0.0
623.0,0.0
623.5,0.0
624.0,0.0
624.5,0.0
625.0,0.0
625.5,0.0
626.0,0.0
626.5,0.0
627.0,0.0
627.5,0.0
628.0,0.0
628.5,0.0
629.0,0.0
629.5,0.0
630.0,0.0
630.5,0.0
631.0,0.0
631.5,0.0
632.0,0.0
632.5,0.0
633.0,0.0
633.5,0.0
634.0,0.0
634.5,0.1
635.0,9.7
635.5,2.2
636.0,0.2
636.5,3.2
637.0,2.4
637.5,1.5
638.0,1.9
638.5,1.9
639.0,2.7
639.5,1.6
640.0,1.6
640.5,2.5
641.0,-2.8
641.5,0.0
642.0,5.5
642.5,4.0
643.0,4.0
643.5,4.7
644.0,4.8
644.5,4.2
645.0,2.2
645.5,2.1
646.0,0.7
646.5,0.0
647.0,3.4
647.5,-0.6
648.0,-0.6
648.5,-0.6
649.0,-0.6
649.5,-0.6
650.0,-0.6
650.5,-0.6
651.0,-0.6
651.5,-0.6
652.0,0.8
652.5,0.6
653.0,0.3
653.5,0.0
654.0,-0.1
654.5,-0.1
655.0,-0.1
655.5,-0.1
656.0,-0.2
656.5,-0.2
657.0,-0.2
657.5,-0.2
658.0,-0.2
658.5,-0.2
659.0,-0.2
659.5,-0.2
660.0,-0.2
660.5,-0.2
661.0,-0.2
661.5,-0.2
662.0,-0.2
662.5,-0.2
663.0,-0.2
663.5,-0.2
664.0,-0.2
664.5,-0.2
665.0,-0.2
665.5,-0.2
666.0,-0.2
666.5,-0.2
667.0,-0.2
667.5,-0.2
668.0,-0.2
668.5,-0.2
669.0,-0.2
669.5,-0.5
670.0,0.6
670.5,-3.3
671.0,-4.0
671.5,-7.6
672.0,-5.4
672.5,-8.5
673.0,-4.6
673.5,-1.8
674.0,-4.7
674.5,-2.1
675.0,-4.3
675.5,-2.1
676.0,0.0
676.5,2.8
677.0,-0.8
677.5,-1.9
678.0,-2.5
678.5,-2.6
679.0,-2.5
679.5,-1.8
680.0,0.0
680.5,0.0
681.0,0.0
681.5,0.0
682.0,0.0
682.5,0.0
683.0,0.0
683.5,0.0
684.0,0.0
684.5,0.0
685.0,0.0
685.5,0.0
686.0,0.0
686.5,0.0
687.0,0.0
687.5,0.0
688.0,0.0
688.5,0.0
689.0,0.0
689.5,0.0
690.0,0.0
690.5,0.0
691.0,0.0
691.5,0.0
692.0,0.0
692.5,0.0
693.0,0.0
693.5,0.0
694.0,0.0
694.5,0.0
695.0,0.0
695.5,0.0
696.0,0.0
696.5,0.0
697.0,0.0
697.5,0.0
698.0,0.0
698.5,0.0
699.0,0.0
699.5,0.0
700.0,0.0
700.5,0.0
701.0,0.0
701.5,0.0
702.0,0.0
702.5,0.0
703.0,9.5
703.5,1.7
704.0,0.0
704.5,2.9
705.0,2.3
705.5,1.5
706.0,1.8
706.5,1.8
707.0,2.4
707.5,1.5
708.0,1.4
708.5,1.6
709.0,1.5
709.5,-0.2
710.0,1.8
710.5,1.4
711.0,1.7
711.5,1.6
712.0,1.5
712.5,1.5
713.0,1.2
713.5,1.1
714.0,1.2
714.5,1.2
715.0,-2.1
715.5,0.0
716.0,6.1
716.5,4.6
717.0,3.5
717.5,2.8
718.0,2.8
718.5,2.8
719.0,2.9
719.5,2.6
720.0,2.5
720.5,2.6
721.0,2.6
721.5,2.6
722.0,2.5
722.5,2.3
723.0,2.2
723.5,2.1
724.0,1.9
724.5,1.7
725.0,1.6
725.5,1.6
726.0,1.6
726.5,1.7
727.0,1.7
727.5,1.3
728.0,0.1
728.5,0.0
729.0,3.8
729.5,0.2
730.0,-0.3
730.5,-0.1
731.0,0.0
731.5,0.4
732.0,0.5
732.5,0.6
733.0,0.7
733.5,0.7
734.0,0.8
734.5,0.8
735.0,0.8
735.5,0.8
736.0,0.8
736.5,0.8
737.0,0.8
737.5,0.8
738.0,0.8
738.5,0.8
739.0,0.8
739.5,0.3
740.0,-1.6
740.5,-2.1
741.0,-5.8
741.5,-5.6
742.0,-5.4
742.5,-5.2
743.0,-5.0
743.5,-4.9
744.0,-4.8
744.5,-4.7
745.0,-4.6
745.5,-5.0
746.0,0.0
746.5,-4.5
747.0,-0.7
747.5,-1.3
748.0,0.9
748.5,-0.7
749.0,0.8
749.5,0.7
750.0,0.5
750.5,0.2
751.0,0.0
751.5,-0.1
752.0,-0.1
752.5,-0.1
753.0,-0.1
753.5,-0.1
754.0,-0.2
754.5,-0.2
755.0,-0.2
755.5,-0.2
756.0,-0.2
756.5,-0.2
757.0,-0.2
757.5,-0.2
758.0,-0.2
758.5,-0.2
759.0,-0.2
759.5,-0.2
760.0,-0.2
760.5,-0.4
761.0,-1.6
761.5,-0.1
762.0,-1.8
762.5,-2.3
763.0,-4.5
763.5,-7.4
764.0,-8.0
764.5,-7.4
765.0,0.0
765.5,-5.7
766.0,-2.1
766.5,-4.5
767.0,-4.5
767.5,-4.1
768.0,0.0
768.5,-4.7
769.0,3.2
769.5,0.0
770.0,-2.6
770.5,-2.6
771.0,-2.8
771.5,-2.9
772.0,0.0
772.5,0.0
773.0,0.0
773.5,0.0
774.0,0.0
774.5,0.0
775.0,0.0
775.5,0.0
776.0,0.0
776.5,0.0
777.0,0.0
777.5,0.0
778.0,0.0
778.5,0.0
779.0,0.0
779.5,0.0
780.0,0.0
780.5,0.0
781.0,0.0
781.5,0.0
782.0,0.0
782.5,0.0
783.0,0.0
783.5,0.0
784.0,0.0
784.5,0.0
785.0,0.0
785.5,0.0
786.0,0.0
786.5,0.0
787.0,0.0
787.5,0.0
788.0,0.0
788.5,0.0
789.0,0.0
789.5,0.0
790.0,0.0
790.5,0.0
791.0,0.0
791.5,0.0
792.0,0.0
792.5,0.0
793.0,0.0
793.5,0.0
794.0,0.0
794.5,0.0
795.0,0.0
795.5,0.0
796.0,0.0
796.5,0.0
797.0,0.0
797.5,0.0
798.0,0.0
798.5,0.0
799.0,0.0
799.5,0.0
800.0,0.0
800.5,0.0
801.0,9.9
801.5,3.0
802.0,0.5
802.5,3.5
803.0,2.5
803.5,1.5
804.0,1.8
804.5,2.1
805.0,3.6
805.5,1.9
806.0,1.5
806.5,1.6
807.0,1.7
807.5,0.0
808.0,1.9
808.5,1.2
809.0,1.8
809.5,1.7
810.0,1.8
810.5,2.3
811.0,1.7
811.5,1.2
812.0,1.3
812.5,1.3
813.0,-2.8
813.5,0.0
814.0,6.2
814.5,4.8
815.0,3.5
815.5,2.9
816.0,2.8
816.5,2.9
817.0,2.7
817.5,2.1
818.0,2.0
818.5,2.0
819.0,2.1
819.5,2.1
820.0,2.1
820.5,2.0
821.0,2.0
821.5,1.9
822.0,1.9
822.5,1.8
823.0,1.7
823.5,1.6
824.0,1.5
824.5,1.5
825.0,1.5
825.5,1.4
826.0,1.3
826.5,1.2
827.0,1.2
827.5,0.9
828.0,0.0
828.5,4.8
829.0,1.4
829.5,1.2
830.0,0.9
830.5,1.2
831.0,1.6
831.5,1.5
832.0,1.4
832.5,1.5
833.0,1.5
833.5,1.6
834.0,1.6
834.5,1.6
835.0,1.7
835.5,1.8
836.0,2.3
836.5,3.0
837.0,3.2
837.5,2.4
838.0,1.7
838.5,1.5
839.0,1.4
839.5,-0.3
840.0,0.0
840.5,1.1
841.0,0.8
841.5,1.1
842.0,1.0
842.5,0.6
843.0,0.6
843.5,0.6
844.0,0.6
844.5,0.6
845.0,0.6
845.5,0.6
846.0,0.6
846.5,0.6
847.0,0.6
847.5,0.6
848.0,0.6
848.5,0.6
849.0,0.6
849.5,0.6
850.0,0.6
850.5,0.6
851.0,0.6
851.5,0.6
852.0,0.6
852.5,0.6
853.0,0.6
853.5,0.6
854.0,0.6
854.5,0.6
855.0,0.6
855.5,0.5
856.0,0.5
856.5,0.5
857.0,0.5
857.5,0.5
858.0,0.5
858.5,0.5
859.0,0.5
859.5,0.5
860.0,0.5
860.5,0.5
861.0,0.5
861.5,0.5
862.0,0.5
862.5,0.5
863.0,0.5
863.5,0.5
864.0,0.5
864.5,0.5
865.0,0.5
865.5,0.5
866.0,0.5
866.5,0.5
867.0,0.5
867.5,0.5
868.0,0.5
868.5,0.5
869.0,0.5
869.5,0.5
870.0,0.5
870.5,0.5
871.0,0.5
871.5,0.5
872.0,0.5
872.5,0.5
873.0,0.5
873.5,0.5
874.0,0.5
874.5,0.5
875.0,0.5
875.5,0.5
876.0,0.5
876.5,0.5
877.0,0.5
877.5,0.5
878.0,0.5
878.5,0.5
879.0,0.5
879.5,0.5
880.0,0.5
880.5,0.5
881.0,0.5
881.5,0.5
882.0,0.5
882.5,0.5
883.0,0.5
883.5,0.5
884.0,0.5
884.5,0.5
885.0,0.5
885.5,0.5
886.0,0.5
886.5,0.5
887.0,0.5
887.5,0.4
888.0,0.4
888.5,0.4
889.0,0.4
889.5,0.4
890.0,0.4
890.5,0.0
891.0,-1.6
891.5,-6.5
892.0,-8.5
892.5,-4.0
893.0,-8.3
893.5,-9.3
894.0,-9.4
894.5,-9.4
895.0,-9.3
895.5,-9.2
896.0,-9.0
896.5,-8.8
897.0,-1.1
897.5,-9.0
898.0,-5.8
898.5,-4.0
899.0,-5.1
899.5,-2.3
900.0,-1.6
900.5,1.1
901.0,1.0
901.5,1.0
902.0,0.9
902.5,0.9
903.0,0.9
903.5,0.9
904.0,0.9
904.5,0.9
905.0,0.9
905.5,0.8
906.0,0.8
906.5,0.8
907.0,0.8
907.5,0.8
908.0,0.8
908.5,0.8
909.0,0.8
909.5,0.8
910.0,0.8
910.5,0.8
911.0,0.7
911.5,0.7
912.0,0.7
912.5,0.7
913.0,0.9
913.5,0.9
914.0,0.9
914.5,0.9
915.0,0.9
915.5,0.9
916.0,0.9
916.5,0.9
917.0,0.9
917.5,0.9
918.0,0.8
918.5,0.8
919.0,0.8
919.5,0.8
920.0,0.8
920.5,0.8
921.0,0.8
921.5,0.8
922.0,0.8
922.5,0.8
923.0,0.8
923.5,0.8
924.0,0.8
924.5,0.8
925.0,0.8
925.5,0.8
926.0,0.8
926.5,0.8
927.0,0.8
927.5,0.7
928.0,0.7
928.5,0.7
929.0,0.7
929.5,0.7
930.0,0.7
930.5,0.7
931.0,0.7
931.5,0.7
932.0,0.7
932.5,0.7
933.0,0.7
933.5,0.7
934.0,0.7
934.5,0.7
935.0,0.7
935.5,0.7
936.0,0.7
936.5,0.7
937.0,0.7
937.5,0.7
938.0,0.6
938.5,0.6
939.0,0.6
939.5,0.6
940.0,0.6
940.5,0.6
941.0,0.6
941.5,0.6
942.0,0.6
942.5,0.6
943.0,0.6
943.5,0.6
944.0,0.6
944.5,0.6
945.0,0.6
945.5,0.6
946.0,0.6
946.5,0.6
947.0,0.6
947.5,0.6
948.0,0.6
948.5,0.6
949.0,0.6
949.5,0.6
950.0,0.6
950.5,0.5
951.0,0.5
951.5,0.5
952.0,0.5
952.5,0.5
953.0,0.5
953.5,0.5
954.0,0.5
954.5,0.5
955.0,0.5
955.5,0.5
956.0,0.5
956.5,0.5
957.0,0.5
957.5,0.5
958.0,0.5
958.5,0.5
959.0,0.5
959.5,0.5
960.0,0.5
960.5,0.5
961.0,0.5
961.5,0.5
962.0,0.5
962.5,0.5
963.0,0.5
963.5,0.5
964.0,0.5
964.5,0.5
965.0,0.5
965.5,0.5
966.0,0.5
966.5,0.5
967.0,0.5
967.5,0.6
968.0,0.9
968.5,1.9
969.0,0.9
969.5,0.9
970.0,0.8
970.5,0.8
971.0,0.7
971.5,0.7
972.0,0.7
972.5,0.7
973.0,0.7
973.5,0.6
974.0,0.6
974.5,0.7
975.0,0.7
975.5,0.7
976.0,0.7
976.5,0.6
977.0,0.6
977.5,0.6
978.0,0.5
978.5,0.5
979.0,0.1
979.5,0.0
980.0,0.0
980.5,-1.6
981.0,0.0
981.5,0.5
982.0,0.8
982.5,0.1
983.0,0.4
983.5,0.4
984.0,0.4
984.5,0.4
985.0,0.4
985.5,0.4
986.0,0.4
986.5,0.4
987.0,0.4
987.5,0.4
988.0,0.4
988.5,0.4
989.0,0.4
989.5,0.4
990.0,0.4
990.5,0.4
991.0,0.4
991.5,0.4
992.0,0.4
992.5,0.4
993.0,0.4
993.5,0.4
994.0,0.4
994.5,0.4
995.0,0.4
995.5,0.4
996.0,0.4
996.5,0.4
997.0,0.4
997.5,0.4
998.0,0.4
998.5,0.4
999.0,0.4
999.5,0.4
1000.0,0.4
1000.5,0.4
1001.0,0.4
1001.5,0.4
1002.0,0.4
1002.5,0.4
1003.0,0.4
1003.5,0.4
1004.0,0.4
1004.5,0.4
1005.0,0.4
1005.5,0.4
1006.0,0.4
1006.5,0.4
1007.0,0.4
1007.5,0.4
1008.0,0.4
1008.5,0.4
1009.0,0.4
1009.5,0.4
1010.0,0.4
1010.5,0.4
1011.0,0.4
1011.5,0.4
1012.0,0.4
1012.5,0.4
1013.0,0.4
1013.5,0.4
1014.0,0.4
1014.5,0.1
1015.0,0.1
1015.5,0.1
1016.0,0.1
1016.5,0.1
1017.0,0.1
1017.5,0.1
1018.0,0.1
1018.5,0.1
1019.0,0.1
1019.5,0.1
1020.0,0.1
1020.5,0.1
1021.0,0.1
1021.5,0.1
1022.0,0.1
1022.5,0.1
1023.0,0.1
1023.5,0.1
1024.0,0.1
1024.5,0.1
1025.0,0.1
1025.5,0.1
1026.0,0.1
1026.5,0.1
1027.0,0.1
1027.5,0.1
1028.0,0.1
1028.5,0.1
1029.0,0.1
1029.5,0.1
1030.0,0.1
1030.5,0.4
1031.0,0.8
1031.5,1.4
1032.0,0.6
1032.5,0.5
1033.0,0.5
1033.5,0.5
1034.0,0.5
1034.5,0.5
1035.0,0.5
1035.5,0.5
1036.0,0.5
1036.5,0.5
1037.0,0.5
1037.5,0.5
1038.0,0.5
1038.5,0.5
1039.0,0.5
1039.5,0.5
1040.0,0.5
1040.5,0.5
1041.0,0.5
1041.5,0.5
1042.0,0.5
1042.5,0.5
1043.0,0.4
1043.5,0.4
1044.0,0.1
1044.5,0.0
1045.0,0.0
1045.5,0.0
1046.0,-0.1
1046.5,-0.1
1047.0,-0.1
1047.5,-0.2
1048.0,-0.2
1048.5,-0.2
1049.0,-0.3
1049.5,-0.3
1050.0,-0.4
1050.5,-0.4
1051.0,-0.2
1051.5,-0.3
1052.0,-0.3
1052.5,-0.3
1053.0,-0.4
1053.5,-0.4
1054.0,-0.4
1054.5,-0.3
1055.0,-0.3
1055.5,-0.3
1056.0,-0.3
1056.5,-0.2
1057.0,-0.2
1057.5,-0.2
1058.0,-0.2
1058.5,-0.1
1059.0,-0.1
1059.5,-0.1
1060.0,0.0
1060.5,0.0
1061.0,7.7
1061.5,1.4
1062.0,1.1
1062.5,1.0
1063.0,1.1
1063.5,1.1
1064.0,1.0
1064.5,1.0
1065.0,1.0
1065.5,0.8
1066.0,0.0
1066.5,-0.6
1067.0,0.8
1067.5,0.8
1068.0,0.9
1068.5,0.9
1069.0,0.9
1069.5,0.9
1070.0,0.9
1070.5,0.9
1071.0,0.9
1071.5,0.9
1072.0,0.9
1072.5,0.9
1073.0,0.9
1073.5,0.9
1074.0,0.9
1074.5,0.9
1075.0,0.9
1075.5,0.9
1076.0,0.9
1076.5,0.9
1077.0,0.9
1077.5,0.9
1078.0,0.9
1078.5,0.9
1079.0,0.9
1079.5,0.9
1080.0,0.9
1080.5,0.9
1081.0,0.9
1081.5,0.9
1082.0,0.8
1082.5,0.8
1083.0,0.8
1083.5,0.8
1084.0,0.8
1084.5,0.8
1085.0,0.8
1085.5,0.8
1086.0,0.8
1086.5,0.8
1087.0,0.8
1087.5,0.8
1088.0,0.8
1088.5,0.8
1089.0,0.8
1089.5,0.8
1090.0,0.8
1090.5,0.8
1091.0,0.8
1091.5,0.8
1092.0,0.8
1092.5,0.8
1093.0,0.8
1093.5,0.8
1094.0,0.8
1094.5,0.8
1095.0,0.8
1095.5,0.9
1096.0,0.6
1096.5,1.0
1097.0,1.1
1097.5,0.9
1098.0,0.8
1098.5,0.8
1099.0,0.9
1099.5,0.9
1100.0,0.9
1100.5,0.9
1101.0,0.9
1101.5,0.9
1102.0,0.9
1102.5,0.9
1103.0,0.9
1103.5,0.9
1104.0,0.9
1104.5,0.8
1105.0,0.8
1105.5,0.8
1106.0,0.7
1106.5,0.7
1107.0,0.7
1107.5,0.6
1108.0,0.6
1108.5,0.6
1109.0,0.5
1109.5,0.5
1110.0,0.1
1110.5,0.1
1111.0,0.1
1111.5,0.0
1112.0,0.0
1112.5,0.0
1113.0,0.0
1113.5,-0.1
1114.0,-0.1
1114.5,-0.1
1115.0,-0.1
1115.5,-0.2
1116.0,-0.1
1116.5,-0.3
1117.0,-1.7
1117.5,-1.7
1118.0,-0.1
1118.5,0.1
1119.0,-0.3
1119.5,-0.5
1120.0,-1.2
1120.5,-1.8
1121.0,-2.2
1121.5,-2.4
1122.0,-2.5
1122.5,-2.6
1123.0,-2.6
1123.5,-2.6
1124.0,-2.5
1124.5,-2.3
1125.0,-2.3
1125.5,-1.4
1126.0,-1.0
1126.5,-3.7
1127.0,-6.6
1127.5,-10.2
1128.0,-7.2
1128.5,-3.8
1129.0,-6.4
1129.5,-8.0
1130.0,-8.8
1130.5,-8.9
1131.0,-9.2
1131.5,-9.9
1132.0,-10.1
1132.5,-10.0
1133.0,0.0
1133.5,-9.7
1134.0,-3.1
1134.5,-6.2
1135.0,-8.9
1135.5,-9.3
1136.0,-10.5
1136.5,-10.4
1137.0,0.0
1137.5,-10.8
1138.0,-3.0
1138.5,-5.5
1139.0,-8.4
1139.5,-9.3
1140.0,-10.1
1140.5,-11.0
1141.0,-11.1
1141.5,-11.0
1142.0,-10.9
1142.5,-10.8
1143.0,-10.6
1143.5,-10.5
1144.0,-9.8
1144.5,0.0
1145.0,-9.7
1145.5,-4.2
1146.0,-8.8
1146.5,-11.0
1147.0,-11.5
1147.5,-11.3
1148.0,-11.2
1148.5,-11.0
1149.0,-10.8
1149.5,-10.6
1150.0,-10.4
1150.5,-9.9
1151.0,-9.3
1151.5,-5.6
1152.0,-7.8
1152.5,-7.2
1153.0,-9.9
1153.5,-10.3
1154.0,-9.9
1154.5,-9.0
1155.0,-8.6
1155.5,-9.1
1156.0,-9.2
1156.5,-8.1
1157.0,0.0
1157.5,-9.0
1158.0,-6.6
1158.5,-3.9
1159.0,-4.1
1159.5,0.0
1160.0,0.0
1160.5,0.0
1161.0,0.0
1161.5,0.0
1162.0,0.0
1162.5,0.0
1163.0,0.0
1163.5,0.0
1164.0,0.0
1164.5,0.0
1165.0,0.0
1165.5,0.0
1166.0,0.0
1166.5,0.0
1167.0,0.0
1167.5,0.0
1168.0,0.0
1168.5,0.0
1169.0,0.0
1169.5,0.0
1170.0,0.0
1170.5,0.0
1171.0,0.0
1171.5,0.0
1172.0,0.0
1172.5,0.0
1173.0,0.0
1173.5,0.0
1174.0,0.0
1174.5,0.0
1175.0,0.0
1175.5,0.0
1176.0,0.0
1176.5,0.0
1177.0,0.0
1177.5,0.0
1178.0,0.0
1178.5,0.0
1179.0,0.0
1179.5,0.0
1180.0,0.0
