Time,Charge
0,0
0.5,0
1,0
1.5,0
2,0
2.5,0
3,0
3.5,0
4,0
4.5,0
5,0
5.5,0
6,0
6.5,0
7,0
7.5,0
8,0
8.5,0
9,0
9.5,0
10,0
10.5,0
11,0
11.5,0
12,-24.9439799782987
12.5,-126.691753360585
13,-158.666428758902
13.5,-221.866709436292
14,-283.181305521553
14.5,-393.496319441036
15,-509.193951617969
15.5,-575.863182817813
16,-580.52226854829
16.5,-593.521472052299
17,-604.450641715944
17.5,-606.630290695951
18,-604.474072766083
18.5,-603.402563928266
19,-602.331123755458
19.5,-601.260963712206
20,-600.192025679525
20.5,-599.124255703062
21,-598.057602366045
21.5,-596.992016662025
22,-595.92745187307
22.5,-594.863863454725
23,-608.678372311069
23.5,-650.809737171065
24,-660.868700112598
24.5,-656.556125802277
25,-651.255084142202
25.5,-625.866859931544
26,-590.748447362448
26.5,-579.535401515091
27,-579.535401515091
27.5,-579.535401515091
28,-579.535401515091
28.5,-579.535401515091
29,-579.535401515091
29.5,-579.535401515091
30,-579.535401515091
30.5,-579.535401515091
31,-579.535401515091
31.5,-579.535401515091
32,-579.535401515091
32.5,-579.535401515091
33,-579.535401515091
33.5,-579.535401515091
34,-579.535401515091
34.5,-579.535401515091
35,-579.535401515091
35.5,-579.535401515091
36,-579.535401515091
36.5,-579.535401515091
37,-579.535401515091
37.5,-579.535401515091
38,-579.535401515091
38.5,-579.535401515091
39,-579.535401515091
39.5,-579.535401515091
40,-579.535401515091
40.5,-579.535401515091
41,-579.535401515091
41.5,-579.535401515091
42,-579.535401515091
42.5,-579.535401515091
43,-579.535401515091
43.5,-579.535401515091
44,-579.535401515091
44.5,-579.535401515091
45,-579.535401515091
45.5,-579.535401515091
46,-579.535401515091
46.5,-579.535401515091
47,-579.535401515091
47.5,-579.535401515091
48,-579.535401515091
48.5,-579.535401515091
49,-579.535401515091
49.5,-579.535401515091
50,-579.535401515091
50.5,-683.101030451187
51,-728.186185371806
51.5,-739.290665504386
52,-781.016122650422
52.5,-816.520283245501
53,-839.704841501004
53.5,-872.410610410344
54,-949.666346264651
54.5,-1029.04405651044
55,-1105.47072171779
55.5,-1187.84359876196
56,-1273.55931528287
56.5,-1272.35861079276
57,-1277.79453810701
57.5,-1383.87470343594
58,-1465.2935605198
58.5,-1535.02840347857
59,-1607.60095991453
59.5,-1684.22698541926
60,-1763.87159309622
60.5,-1845.2674643496
61,-1909.99035062444
61.5,-1961.61756596114
62,-1969.90922906215
62.5,-1969.90922906215
63,-1988.88747730733
63.5,-1999.12063500158
64,-1996.87080118438
64.5,-1994.65480823409
65,-1991.33854811876
65.5,-1990.23689602217
66,-1990.23689602217
66.5,-1990.23689602217
67,-1991.33598738148
67.5,-1994.63164712818
68,-1997.93007886362
68.5,-2001.22432731255
69,-2004.51459107743
69.5,-2007.80107898786
70,-2011.08398756433
70.5,-2014.36350175015
71,-2017.63979566289
71.5,-2020.91303329373
72,-2024.18336018646
72.5,-2027.45091311646
73,-2030.71582944272
73.5,-2033.97823860163
74,-2037.23826259955
74.5,-2040.49601649737
75,-2043.75160886074
75.5,-2047.00514217854
76,-2050.25671325191
76.5,-2053.50641355619
77,-2056.75432957765
77.5,-2060.00054312697
78,-2063.24513163116
78.5,-2066.48816840552
79,-2069.72972290706
79.5,-2072.9698609708
80,-2076.20864503011
80.5,-2079.4461343223
81,-2082.6823850805
81.5,-2085.91745071276
82,-2089.15138196938
82.5,-2092.3842270992
83,-2095.61603199566
83.5,-2098.84684033341
84,-2099.92345812093
84.5,-2100.99732656097
85,-2096.70365672833
85.5,-2114.84174647472
86,-2085.36203204282
86.5,-2043.78148972417
87,-1974.12258927628
87.5,-1962.20260565874
88,-1918.20262030235
88.5,-1911.10880785486
89,-1911.10880785486
89.5,-1882.59080119767
90,-1852.83522041663
90.5,-1826.23753100219
91,-1796.52902174546
91.5,-1796.52902174546
92,-1812.26687394756
92.5,-1793.0629893239
93,-1775.54224526082
93.5,-1764.19724248152
94,-1745.53172846887
94.5,-1723.92562836076
95,-1693.17861193182
95.5,-1693.17861193182
96,-1693.17861193182
96.5,-1693.17861193182
97,-1693.17861193182
97.5,-1693.17861193182
98,-1693.17861193182
98.5,-1693.17861193182
99,-1693.17861193182
99.5,-1693.17861193182
100,-1693.17861193182
100.5,-1693.17861193182
101,-1693.17861193182
101.5,-1693.17861193182
102,-1693.17861193182
102.5,-1693.17861193182
103,-1693.17861193182
103.5,-1693.17861193182
104,-1693.17861193182
104.5,-1693.17861193182
105,-1693.17861193182
105.5,-1693.17861193182
106,-1693.17861193182
106.5,-1693.17861193182
107,-1693.17861193182
107.5,-1693.17861193182
108,-1693.17861193182
108.5,-1693.17861193182
109,-1693.17861193182
109.5,-1693.17861193182
110,-1693.17861193182
110.5,-1693.17861193182
111,-1693.17861193182
111.5,-1693.17861193182
112,-1693.17861193182
112.5,-1693.17861193182
113,-1693.17861193182
113.5,-1693.17861193182
114,-1693.17861193182
114.5,-1693.17861193182
115,-1693.17861193182
115.5,-1693.17861193182
116,-1693.17861193182
116.5,-1694.23165690301
117,-1694.23165690301
117.5,-1694.23165690301
118,-1694.23165690301
118.5,-1798.50947661391
119,-1832.87798640085
119.5,-1846.09136730353
120,-1880.5964135059
120.5,-1912.62115102081
121,-1932.48485412308
121.5,-1957.57472325572
122,-1998.20378320325
122.5,-2061.9590900344
123,-2097.63454733371
123.5,-2126.72708869385
124,-2152.31689615931
124.5,-2177.83627712907
125,-2177.83627712907
125.5,-2203.77731437181
126,-2221.54823942256
126.5,-2245.78619971511
127,-2270.2033310548
127.5,-2300.19744113771
128,-2355.00693339314
128.5,-2391.85347681985
129,-2408.82557096078
129.5,-2426.56134500264
130,-2445.42105642117
130.5,-2464.30494355674
131,-2484.30298837653
131.5,-2504.32840570083
132,-2534.37439479784
132.5,-2572.6390565568
133,-2584.00755810564
133.5,-2584.00755810564
134,-2647.30566791197
134.5,-2711.61345560778
135,-2766.81132528769
135.5,-2815.7838417304
136,-2863.37276014721
136.5,-2912.14182884788
137,-2961.06311254444
137.5,-3007.74728555467
138,-3053.23032760714
138.5,-3096.38946995881
139,-3138.33241203226
139.5,-3176.77396818464
140,-3209.29962675735
140.5,-3232.39969876513
141,-3254.12790229845
141.5,-3276.9572851645
142,-3300.9458891893
142.5,-3324.95648379222
143,-3344.38980077543
143.5,-3351.21364657148
144,-3357.94318621654
144.5,-3357.94318621654
145,-3342.39628975592
145.5,-3350.03208224344
146,-3355.60290344263
146.5,-3362.26677937032
147,-3371.15225203943
147.5,-3381.16192032298
148,-3390.06313956083
148.5,-3398.94842234593
149,-3408.93737471704
149.5,-3417.82091735218
150,-3426.68948592493
150.5,-3435.55270509533
151,-3444.41092539895
151.5,-3453.26440455611
152,-3462.11338672733
152.5,-3470.95810390089
153,-3479.7987765717
153.5,-3488.63561437335
154,-3497.46881667185
154.5,-3506.29857312345
155,-3512.91844143018
155.5,-3496.41252941595
156,-3479.22815719866
156.5,-3433.17756769248
157,-3385.41340695952
157.5,-3339.9836711043
158,-3296.68913455784
158.5,-3254.48788752515
159,-3213.40574926849
159.5,-3173.42807934709
160,-3133.51970320105
160.5,-3094.73284885051
161,-3051.92282123074
161.5,-3051.92282123074
162,-3051.92282123074
162.5,-3052.97692414411
163,-3050.86538182609
163.5,-3057.18373769796
164,-3053.99681631394
164.5,-3063.4757169415
165,-3072.0106555347
165.5,-3078.41267232541
166,-3083.74132897164
166.5,-3088.00288951413
167,-3088.00288951413
167.5,-3088.00288951413
168,-3088.00288951413
168.5,-3086.94151819569
169,-3085.88108617418
169.5,-3084.82054732099
170,-3083.75990972913
170.5,-3082.69918002156
171,-3081.63836442357
171.5,-3080.57746878546
172,-3079.51649860484
172.5,-3078.45545904759
173,-3077.39435496762
173.5,-3076.33319092547
174,-3075.27197120578
174.5,-3074.21069983374
175,-3073.14938059064
175.5,-3072.08801702834
176,-3068.90380339257
176.5,-3056.19410491674
177,-3063.53574624692
177.5,-3054.97830657463
178,-3040.23506431182
178.5,-3001.53382008948
179,-2933.17333929294
179.5,-2860.98265743002
180,-2795.23200072496
180.5,-2795.23200072496
181,-2728.38825075487
181.5,-2708.79476770555
182,-2671.00311704543
182.5,-2635.89233108703
183,-2595.72495681246
183.5,-2595.72495681246
184,-2514.91426549488
184.5,-2535.08132721776
185,-2516.11833692756
185.5,-2489.69287886114
186,-2463.46059907702
186.5,-2442.2825981098
187,-2417.97618867333
187.5,-2417.97618867333
188,-2417.97618867333
188.5,-2417.97618867333
189,-2417.97618867333
189.5,-2417.97618867333
190,-2417.97618867333
190.5,-2417.97618867333
191,-2417.97618867333
191.5,-2417.97618867333
192,-2417.97618867333
192.5,-2417.97618867333
193,-2417.97618867333
193.5,-2417.97618867333
194,-2417.97618867333
194.5,-2417.97618867333
195,-2417.97618867333
195.5,-2417.97618867333
196,-2417.97618867333
196.5,-2417.97618867333
197,-2417.97618867333
197.5,-2417.97618867333
198,-2417.97618867333
198.5,-2417.97618867333
199,-2417.97618867333
199.5,-2417.97618867333
200,-2417.97618867333
200.5,-2417.97618867333
201,-2417.97618867333
201.5,-2417.97618867333
202,-2417.97618867333
202.5,-2417.97618867333
203,-2417.97618867333
203.5,-2417.97618867333
204,-2417.97618867333
204.5,-2417.97618867333
205,-2417.97618867333
205.5,-2417.97618867333
206,-2417.97618867333
206.5,-2417.97618867333
207,-2450.65628108053
207.5,-2544.48950763108
208,-2566.72139056484
208.5,-2608.09299237643
209,-2631.4591491123
209.5,-2676.33081080999
210,-2712.21508870968
210.5,-2708.87410409764
211,-2704.59092402562
211.5,-2685.35105572008
212,-2672.72975421948
212.5,-2663.21718806064
213,-2652.62770200545
213.5,-2642.06058291464
214,-2631.50420073011
214.5,-2620.95813920799
215,-2610.42189989503
215.5,-2599.89501369293
216,-2589.37703800151
216.5,-2578.8675551228
217,-2568.36617075779
217.5,-2557.87251260042
218,-2541.09445887445
218.5,-2527.5583610023
219,-2535.90676865473
219.5,-2525.24239592317
220,-2516.87037987087
220.5,-2499.04902943561
221,-2477.25478323462
221.5,-2455.57070376972
222,-2431.84883756548
222.5,-2431.84883756548
223,-2431.84883756548
223.5,-2431.84883756548
224,-2431.84883756548
224.5,-2431.84883756548
225,-2431.84883756548
225.5,-2431.84883756548
226,-2431.84883756548
226.5,-2431.84883756548
227,-2431.84883756548
227.5,-2431.84883756548
228,-2431.84883756548
228.5,-2431.84883756548
229,-2431.84883756548
229.5,-2431.84883756548
230,-2431.84883756548
230.5,-2431.84883756548
231,-2431.84883756548
231.5,-2431.84883756548
232,-2431.84883756548
232.5,-2431.84883756548
233,-2431.84883756548
233.5,-2431.84883756548
234,-2431.84883756548
234.5,-2431.84883756548
235,-2431.84883756548
235.5,-2431.84883756548
236,-2431.84883756548
236.5,-2431.84883756548
237,-2431.84883756548
237.5,-2431.84883756548
238,-2431.84883756548
238.5,-2431.84883756548
239,-2431.84883756548
239.5,-2431.84883756548
240,-2431.84883756548
240.5,-2431.84883756548
241,-2431.84883756548
241.5,-2431.84883756548
242,-2431.84883756548
242.5,-2431.84883756548
243,-2431.84883756548
243.5,-2431.84883756548
244,-2431.84883756548
244.5,-2431.84883756548
245,-2431.84883756548
245.5,-2532.43886384517
246,-2546.67430607884
246.5,-2562.91527005027
247,-2595.49236918419
247.5,-2620.94113641697
248,-2637.44143281939
248.5,-2657.0769140694
249,-2675.69865959428
249.5,-2699.79312011607
250,-2716.3337662266
250.5,-2732.75753825597
251,-2755.76182043015
251.5,-2720.43304218835
252,-2720.43304218835
252.5,-2768.78140998411
253,-2808.42002467473
253.5,-2853.41387116928
254,-2906.72145691025
254.5,-2960.67234840545
255,-3005.61050650061
255.5,-3030.77759936437
256,-3053.20726958975
256.5,-3054.32616617733
257,-3052.1386476381
257.5,-3042.34044196194
258,-3042.34044196194
258.5,-3028.19756941106
259,-3021.7737829185
259.5,-3015.30986491631
260,-3008.85462273324
260.5,-3002.40733492273
261,-2995.96761864603
261.5,-2989.5351102189
262,-2995.96075456865
262.5,-3000.29916962081
263,-3000.29916962081
263.5,-3000.29916962081
264,-2999.2227959195
264.5,-2998.14816911715
265,-2997.07411247624
265.5,-2996.00060064073
266,-2994.92760840748
266.5,-2993.85511187356
267,-2992.78308836219
267.5,-2991.71151635451
268,-2990.64037542533
268.5,-2989.56964618281
269,-2988.49931021166
269.5,-2987.4293500197
270,-2986.35974898764
270.5,-2985.29049132168
271,-2984.22156200902
271.5,-2983.15294677581
272,-2982.08463204765
272.5,-2981.01660491227
273,-2979.94885308443
273.5,-2978.88136487277
274,-2977.81412914855
274.5,-2976.74713531619
275,-2975.68037328543
275.5,-2974.61383344508
276,-2973.54750663826
276.5,-2972.48138413892
277,-2971.41545762981
277.5,-2970.34971918155
278,-2969.28416123288
278.5,-2968.21877657203
279,-2967.1535583191
279.5,-2966.08849990931
280,-2960.76397574933
280.5,-2968.18326335773
281,-2931.66394758563
281.5,-2895.7666194899
282,-2823.0867628366
282.5,-2762.08915289533
283,-2686.77627125832
283.5,-2644.90984198875
284,-2627.8725110535
284.5,-2591.9766895254
285,-2559.79151343425
285.5,-2530.56074156912
286,-2500.27049744968
286.5,-2500.27049744968
287,-2509.61316466599
287.5,-2481.2828060494
288,-2463.0850592326
288.5,-2434.51445635242
289,-2414.32673649149
289.5,-2390.93633796496
290,-2368.64448207985
290.5,-2368.64448207985
291,-2368.64448207985
291.5,-2368.64448207985
292,-2368.64448207985
292.5,-2368.64448207985
293,-2368.64448207985
293.5,-2368.64448207985
294,-2368.64448207985
294.5,-2368.64448207985
295,-2368.64448207985
295.5,-2368.64448207985
296,-2368.64448207985
296.5,-2368.64448207985
297,-2368.64448207985
297.5,-2368.64448207985
298,-2368.64448207985
298.5,-2368.64448207985
299,-2368.64448207985
299.5,-2368.64448207985
300,-2368.64448207985
300.5,-2368.64448207985
301,-2368.64448207985
301.5,-2368.64448207985
302,-2368.64448207985
302.5,-2368.64448207985
303,-2368.64448207985
303.5,-2368.64448207985
304,-2368.64448207985
304.5,-2368.64448207985
305,-2368.64448207985
305.5,-2368.64448207985
306,-2368.64448207985
306.5,-2368.64448207985
307,-2368.64448207985
307.5,-2368.64448207985
308,-2368.64448207985
308.5,-2368.64448207985
309,-2368.64448207985
309.5,-2368.64448207985
310,-2368.64448207985
310.5,-2368.64448207985
311,-2368.64448207985
311.5,-2368.64448207985
312,-2368.64448207985
312.5,-2368.64448207985
313,-2368.64448207985
313.5,-2468.95343002808
314,-2485.530978321
314.5,-2501.7725691492
315,-2534.27612629933
315.5,-2559.6717997224
316,-2576.13759425076
316.5,-2596.82006331766
317,-2616.52083934371
317.5,-2640.59904330843
318,-2656.01088315468
318.5,-2670.20273371642
319,-2686.56528256724
319.5,-2702.97475232879
320,-2701.88006099479
320.5,-2722.29606337885
321,-2739.88758750633
321.5,-2758.53694150519
322,-2776.12169864585
322.5,-2791.50135813815
323,-2805.75649989931
323.5,-2816.71323223443
324,-2828.72598473578
324.5,-2840.75401763574
325,-2853.87813786924
325.5,-2867.02060735282
326,-2880.1667950964
326.5,-2892.22064185478
327,-2904.26296946108
327.5,-2904.26296946108
328,-2929.11868954703
328.5,-2987.9536446272
329,-3043.42043937212
329.5,-3086.16140371778
330,-3121.56167187358
330.5,-3153.33771983117
331,-3185.03222255758
331.5,-3216.76273276314
332,-3247.39743396027
332.5,-3276.89462617421
333,-3305.24983257927
333.5,-3331.3265635648
334,-3356.22513346314
334.5,-3378.8436252764
335,-3399.15809106075
335.5,-3417.17428447489
336,-3435.14647326109
336.5,-3454.24005804049
337,-3473.35677004209
337.5,-3493.59963405579
338,-3510.49098206326
338.5,-3513.8571718674
339,-3506.11996749677
339.5,-3506.11996749677
340,-3509.41364756947
340.5,-3508.31317219683
341,-3507.21896681772
341.5,-3507.21896681772
342,-3512.68350497086
342.5,-3519.27329895168
343,-3526.96654443373
343.5,-3535.76552550857
344,-3544.5721959501
344.5,-3553.37689373981
345,-3563.27999810274
345.5,-3573.19299050684
346,-3583.10502428016
346.5,-3593.01607220182
347,-3602.92621197456
347.5,-3612.83551867684
348,-3621.64311440302
348.5,-3630.43947113327
349,-3639.2344149779
349.5,-3648.02811926722
350,-3652.42439324044
350.5,-3634.92578173607
351,-3615.70780458288
351.5,-3561.4697579302
352,-3509.28323113142
352.5,-3458.23705592914
353,-3409.3731952465
353.5,-3362.61774845765
354,-3316.93828128195
354.5,-3272.36503908718
355,-3228.8828725525
355.5,-3186.47980333548
356,-3140.10400892963
356.5,-3140.10400892963
357,-3099.25676449941
357.5,-3094.22825294075
358,-3086.94419198483
358.5,-3093.17630800579
359,-3091.06908063985
359.5,-3099.43590423252
360,-3106.84147557039
360.5,-3112.13287309839
361,-3115.30449116329
361.5,-3115.30449116329
362,-3114.25124410217
362.5,-3113.19860539293
363,-3112.14552468549
363.5,-3111.09202516764
364,-3110.03812780269
364.5,-3108.98385248442
365,-3107.9292180914
365.5,-3105.81926698786
366,-3103.71100305327
366.5,-3101.60228107248
367,-3099.49312956141
367.5,-3097.38357132857
368,-3095.27362801678
368.5,-3093.16332015593
369,-3091.05266722168
369.5,-3088.94168769105
370,-3086.83039909506
370.5,-3084.7188180686
371,-3080.49510272664
371.5,-3066.79693044476
372,-3069.92661750165
372.5,-3055.07045261547
373,-3035.27712094256
373.5,-2991.78234160775
374,-2920.10118815461
374.5,-2845.69043895313
375,-2776.63887429183
375.5,-2776.63887429183
376,-2714.27067253716
376.5,-2691.78630680629
377,-2655.29496751908
377.5,-2602.33897736278
378,-2573.86376878653
378.5,-2533.72553815253
379,-2444.50290546462
379.5,-2493.63294917641
380,-2445.09114399281
380.5,-2424.45872201481
381,-2401.28395836371
381.5,-2372.13672109936
382,-2333.17355214539
382.5,-2333.17355214539
383,-2333.17355214539
383.5,-2333.17355214539
384,-2333.17355214539
384.5,-2333.17355214539
385,-2333.17355214539
385.5,-2333.17355214539
386,-2333.17355214539
386.5,-2333.17355214539
387,-2333.17355214539
387.5,-2333.17355214539
388,-2333.17355214539
388.5,-2333.17355214539
389,-2333.17355214539
389.5,-2333.17355214539
390,-2333.17355214539
390.5,-2333.17355214539
391,-2333.17355214539
391.5,-2333.17355214539
392,-2333.17355214539
392.5,-2333.17355214539
393,-2333.17355214539
393.5,-2333.17355214539
394,-2333.17355214539
394.5,-2333.17355214539
395,-2333.17355214539
395.5,-2333.17355214539
396,-2333.17355214539
396.5,-2333.17355214539
397,-2333.17355214539
397.5,-2333.17355214539
398,-2333.17355214539
398.5,-2333.17355214539
399,-2333.17355214539
399.5,-2333.17355214539
400,-2333.17355214539
400.5,-2333.17355214539
401,-2333.17355214539
401.5,-2333.17355214539
402,-2365.78691404294
402.5,-2456.2049801643
403,-2476.00982041081
403.5,-2519.36710168967
404,-2542.74581933177
404.5,-2587.54013421341
405,-2623.37316970967
405.5,-2621.14921133223
406,-2616.86970322544
406.5,-2597.66656023489
407,-2585.07112903537
407.5,-2575.57679519864
408,-2563.94973897474
408.5,-2552.35962651829
409,-2541.83404395211
409.5,-2531.30758998589
410,-2520.79060193128
410.5,-2510.28252091116
411,-2499.78292443039
411.5,-2489.29141280881
412,-2478.80760887233
412.5,-2468.33115658933
413,-2451.5800577345
413.5,-2457.8171700913
414,-2455.69005976159
414.5,-2439.86692494535
415,-2427.38736253782
415.5,-2406.53620010116
416,-2382.77942037492
416.5,-2358.09327978776
417,-2331.41133031491
417.5,-2331.41133031491
418,-2331.41133031491
418.5,-2331.41133031491
419,-2331.41133031491
419.5,-2331.41133031491
420,-2331.41133031491
420.5,-2331.41133031491
421,-2331.41133031491
421.5,-2331.41133031491
422,-2331.41133031491
422.5,-2331.41133031491
423,-2331.41133031491
423.5,-2331.41133031491
424,-2331.41133031491
424.5,-2331.41133031491
425,-2331.41133031491
425.5,-2331.41133031491
426,-2331.41133031491
426.5,-2331.41133031491
427,-2331.41133031491
427.5,-2331.41133031491
428,-2331.41133031491
428.5,-2331.41133031491
429,-2331.41133031491
429.5,-2331.41133031491
430,-2331.41133031491
430.5,-2331.41133031491
431,-2331.41133031491
431.5,-2331.41133031491
432,-2331.41133031491
432.5,-2331.41133031491
433,-2331.41133031491
433.5,-2331.41133031491
434,-2331.41133031491
434.5,-2331.41133031491
435,-2331.41133031491
435.5,-2331.41133031491
436,-2331.41133031491
436.5,-2331.41133031491
437,-2331.41133031491
437.5,-2331.41133031491
438,-2331.41133031491
438.5,-2331.41133031491
439,-2331.41133031491
439.5,-2331.41133031491
440,-2331.41133031491
440.5,-2431.90388645449
441,-2454.44633311003
441.5,-2467.54706616765
442,-2500.00504001185
442.5,-2526.54913758458
443,-2543.06303782704
443.5,-2562.69045188766
444,-2582.39948235498
444.5,-2607.60865946548
445,-2624.16484776907
445.5,-2640.58366383597
446,-2664.67519758083
446.5,-2629.31348104222
447,-2635.53850208033
447.5,-2690.67935819017
448,-2731.78985511259
448.5,-2776.89627125245
449,-2829.12528413524
449.5,-2883.06191066386
450,-2929.19059986717
450.5,-2954.40935930628
451,-2976.85209711542
451.5,-2980.21036720276
452,-2980.21036720276
452.5,-2980.21036720276
453,-2982.39105888226
453.5,-2974.74901188682
454,-2968.27344727034
454.5,-2961.79983340492
455,-2955.33522832245
455.5,-2948.87914341585
456,-2942.43116346492
456.5,-2935.99089595349
457,-2935.99089595349
457.5,-2943.53966594928
458,-2948.9725945782
458.5,-2951.14078305421
459,-2951.14078305421
459.5,-2950.06360771447
460,-2948.98824240433
460.5,-2947.91349530034
461,-2946.83933869412
461.5,-2945.76574513585
462,-2944.6926885993
462.5,-2943.6201444004
463,-2942.54808912204
463.5,-2941.47650054334
464,-2940.40535757324
464.5,-2939.33464018804
465,-2938.26432937268
465.5,-2937.19440706544
466,-2936.12485610599
466.5,-2935.05566018643
467,-2933.98680380519
467.5,-2932.91827222365
468,-2931.85005142525
468.5,-2930.78212807696
469,-2929.71448949297
469.5,-2928.64712360042
470,-2927.58001890716
470.5,-2926.51316447127
471,-2925.44654987229
471.5,-2924.38016518415
472,-2923.31400094954
472.5,-2922.24804815573
473,-2921.18229821175
473.5,-2920.11674292682
474,-2919.05137448998
474.5,-2917.98618545081
475,-2911.59608495337
475.5,-2920.06605451107
476,-2881.35209710038
476.5,-2842.47326698347
477,-2765.96039241503
477.5,-2725.80525569985
478,-2713.67038852319
478.5,-2647.20046562663
479,-2624.61096246084
479.5,-2582.67406119933
480,-2547.60534359975
480.5,-2516.39280237301
481,-2482.07898437739
481.5,-2482.07898437739
482,-2491.43381584713
482.5,-2458.8625014952
483,-2432.66600557979
483.5,-2411.39842157729
484,-2386.9916053275
484.5,-2361.66267360017
485,-2348.51341257504
485.5,-2348.51341257504
486,-2348.51341257504
486.5,-2348.51341257504
487,-2348.51341257504
487.5,-2348.51341257504
488,-2348.51341257504
488.5,-2348.51341257504
489,-2348.51341257504
489.5,-2348.51341257504
490,-2348.51341257504
490.5,-2348.51341257504
491,-2348.51341257504
491.5,-2348.51341257504
492,-2348.51341257504
492.5,-2348.51341257504
493,-2348.51341257504
493.5,-2348.51341257504
494,-2348.51341257504
494.5,-2348.51341257504
495,-2348.51341257504
495.5,-2348.51341257504
496,-2348.51341257504
496.5,-2348.51341257504
497,-2348.51341257504
497.5,-2348.51341257504
498,-2348.51341257504
498.5,-2348.51341257504
499,-2348.51341257504
499.5,-2348.51341257504
500,-2348.51341257504
500.5,-2348.51341257504
501,-2348.51341257504
501.5,-2348.51341257504
502,-2348.51341257504
502.5,-2348.51341257504
503,-2348.51341257504
503.5,-2348.51341257504
504,-2348.51341257504
504.5,-2348.51341257504
505,-2348.51341257504
505.5,-2348.51341257504
506,-2348.51341257504
506.5,-2348.51341257504
507,-2348.51341257504
507.5,-2348.51341257504
508,-2348.51341257504
508.5,-2450.93914459734
509,-2475.89121573845
509.5,-2490.10271767105
510,-2522.56216763903
510.5,-2549.08240338808
511,-2565.58106446449
511.5,-2586.27933512891
512,-2608.18547804926
512.5,-2635.63354799216
513,-2652.2230210956
513.5,-2666.44779139459
514,-2682.82805349256
514.5,-2699.25460899008
515,-2699.25460899008
515.5,-2719.71206772709
516,-2734.02034221989
516.5,-2752.61950295585
517,-2770.21548724157
517.5,-2786.70477355037
518,-2803.18365482265
518.5,-2816.3732786855
519,-2828.42542051808
519.5,-2841.5596895869
520,-2854.71176647876
520.5,-2867.8671315821
521,-2881.02555040968
521.5,-2881.02555040968
522,-2936.16487364288
522.5,-2998.26690651309
523,-3054.10804184021
523.5,-3094.67691644756
524,-3130.08861795816
524.5,-3165.35829965863
525,-3196.11651452891
525.5,-3225.62441571786
526,-3255.11992528508
526.5,-3284.64086941307
527,-3314.18774791765
527.5,-3342.62253115458
528,-3369.90744212991
528.5,-3394.9034549682
529,-3418.71568205707
529.5,-3440.2399380403
530,-3459.45478138617
530.5,-3477.49477893273
531,-3495.51015807102
531.5,-3513.52267765671
532,-3532.6586426067
532.5,-3551.8165971066
533,-3566.46707098642
533.5,-3567.5883946953
534,-3567.5883946953
534.5,-3552.16715825454
535,-3552.16715825454
535.5,-3549.97265921066
536,-3548.87932613802
536.5,-3548.87932613802
537,-3553.2522627558
537.5,-3559.83613831446
538,-3566.43165938905
538.5,-3574.12315348789
539,-3582.92028961201
539.5,-3591.7253274417
540,-3600.52861756951
540.5,-3609.33018274811
541,-3619.23011967732
541.5,-3629.14025974311
542,-3639.04976702607
542.5,-3648.95859843036
543,-3657.76590307697
543.5,-3666.56211046895
544,-3675.35702091171
544.5,-3684.15080130944
545,-3688.54716521834
545.5,-3673.23528838001
546,-3652.9006742222
546.5,-3593.4005060321
547,-3538.42763889664
547.5,-3485.49740641134
548,-3434.71089385436
548.5,-3385.02409099202
549,-3337.48020673572
549.5,-3291.00046059313
550,-3245.61806836587
550.5,-3201.31822774715
551,-3154.06811203347
551.5,-3154.06811203347
552,-3104.9012867487
552.5,-3101.9116698101
553,-3091.50135070007
553.5,-3100.80665026456
554,-3097.64094329043
554.5,-3105.98776899302
555,-3113.3829699947
555.5,-3118.66735229685
556,-3119.72323356658
556.5,-3119.72323356658
557,-3118.67131249717
557.5,-3117.61993123569
558,-3116.56805113851
558.5,-3115.51569803262
559,-3114.46289540863
559.5,-3112.35643572188
560,-3110.25147560035
560.5,-3108.14590119601
561,-3106.03974852325
561.5,-3103.9330475938
562,-3101.82582689029
562.5,-3099.71811343766
563,-3097.60993287953
563.5,-3095.50130955047
564,-3093.39226654451
564.5,-3091.2828257801
565,-3089.17300806168
565.5,-3087.06283313793
566,-3083.89706306664
566.5,-3070.19187045852
567,-3069.14912076731
567.5,-3052.25396887691
568,-3030.43871261482
568.5,-2985.00353568254
569,-2911.50363326054
569.5,-2835.32418592544
570,-2765.47168192411
570.5,-2765.47168192411
571,-2703.17800270306
571.5,-2675.82536913037
572,-2637.52911025084
572.5,-2582.73429753388
573,-2553.36126769735
573.5,-2553.36126769735
574,-2518.33010661918
574.5,-2520.32283165699
575,-2467.65950939875
575.5,-2444.14427903741
576,-2414.97631609486
576.5,-2388.97690392465
577,-2360.90760593571
577.5,-2360.90760593571
578,-2360.90760593571
578.5,-2360.90760593571
579,-2360.90760593571
579.5,-2360.90760593571
580,-2360.90760593571
580.5,-2360.90760593571
581,-2360.90760593571
581.5,-2360.90760593571
582,-2360.90760593571
582.5,-2360.90760593571
583,-2360.90760593571
583.5,-2360.90760593571
584,-2360.90760593571
584.5,-2360.90760593571
585,-2360.90760593571
585.5,-2360.90760593571
586,-2360.90760593571
586.5,-2360.90760593571
587,-2360.90760593571
587.5,-2360.90760593571
588,-2360.90760593571
588.5,-2360.90760593571
589,-2360.90760593571
589.5,-2360.90760593571
590,-2360.90760593571
590.5,-2360.90760593571
591,-2360.90760593571
591.5,-2360.90760593571
592,-2360.90760593571
592.5,-2360.90760593571
593,-2360.90760593571
593.5,-2360.90760593571
594,-2360.90760593571
594.5,-2360.90760593571
595,-2360.90760593571
595.5,-2360.90760593571
596,-2360.90760593571
596.5,-2360.90760593571
597,-2404.0601376614
597.5,-2488.96467108097
598,-2515.63335319839
598.5,-2559.35025940469
599,-2583.88839716319
599.5,-2629.89526750704
600,-2664.7087900927
600.5,-2676.94578540433
601,-2671.50703965
601.5,-2653.35326587582
602,-2640.71980215241
602.5,-2630.15027601901
603,-2618.51419394056
603.5,-2606.90402302805
604,-2595.30675041084
604.5,-2583.72187624731
605,-2572.14879677708
605.5,-2560.58694404009
606,-2549.03578219906
606.5,-2537.49480561046
607,-2525.96353700362
607.5,-2514.44152577744
608,-2497.69508305586
608.5,-2499.77555852993
609,-2493.41727624855
609.5,-2476.60657837449
610,-2462.06068951458
610.5,-2439.17259680638
611,-2413.40706115562
611.5,-2387.75155218308
612,-2367.25483395179
612.5,-2367.25483395179
613,-2367.25483395179
613.5,-2367.25483395179
614,-2367.25483395179
614.5,-2367.25483395179
615,-2367.25483395179
615.5,-2367.25483395179
616,-2367.25483395179
616.5,-2367.25483395179
617,-2367.25483395179
617.5,-2367.25483395179
618,-2367.25483395179
618.5,-2367.25483395179
619,-2367.25483395179
619.5,-2367.25483395179
620,-2367.25483395179
620.5,-2367.25483395179
621,-2367.25483395179
621.5,-2367.25483395179
622,-2367.25483395179
622.5,-2367.25483395179
623,-2367.25483395179
623.5,-2367.25483395179
624,-2367.25483395179
624.5,-2367.25483395179
625,-2367.25483395179
625.5,-2367.25483395179
626,-2367.25483395179
626.5,-2367.25483395179
627,-2367.25483395179
627.5,-2367.25483395179
628,-2367.25483395179
628.5,-2367.25483395179
629,-2367.25483395179
629.5,-2367.25483395179
630,-2367.25483395179
630.5,-2367.25483395179
631,-2367.25483395179
631.5,-2367.25483395179
632,-2367.25483395179
632.5,-2367.25483395179
633,-2367.25483395179
633.5,-2367.25483395179
634,-2367.25483395179
634.5,-2367.25483395179
635,-2368.31285906309
635.5,-2471.06452359639
636,-2497.25584354788
636.5,-2499.44938935021
637,-2533.68997444715
637.5,-2560.28858720952
638,-2576.806558461
638.5,-2597.52817494998
639,-2618.36144583599
639.5,-2648.00012366847
640,-2665.75454184692
640.5,-2683.30312868254
641,-2710.7348386235
641.5,-2679.65138107282
642,-2679.65138107282
642.5,-2738.79150766138
643,-2784.72429732051
643.5,-2830.13191806666
644,-2883.59454301796
644.5,-2938.83990248654
645,-2987.42404891382
645.5,-3012.75446126611
646,-3036.36256250408
646.5,-3044.22175221764
647,-3044.22175221764
647.5,-3081.40859002548
648,-3074.57886544206
648.5,-3068.0624523822
649,-3061.55507696159
649.5,-3055.05816738031
650,-3048.57118991576
650.5,-3042.09365307503
651,-3035.62509275708
651.5,-3029.16507066008
652,-3022.71317271533
652.5,-3031.30539283513
653,-3037.84717779804
653.5,-3041.11080597955
654,-3041.11080597955
654.5,-3040.03115491975
655,-3038.95340319774
655.5,-3037.87635055617
656,-3036.79996532538
656.5,-3034.64846726665
657,-3032.5006636883
657.5,-3030.35417681641
658,-3028.20895102457
658.5,-3026.06492884002
659,-3023.92205574461
659.5,-3021.78028000038
660,-3019.63955249565
660.5,-3017.49982660039
661,-3015.36105803004
661.5,-3013.22320471754
662,-3011.08622669274
662.5,-3008.95008596898
663,-3006.81474643628
663.5,-3004.68017376065
664,-3002.54633528933
664.5,-3000.41319996139
665,-2998.28073822347
665.5,-2996.14892195034
666,-2994.01772436994
666.5,-2991.88711999266
667,-2989.75708454461
667.5,-2987.62759490459
668,-2985.49862904464
668.5,-2983.3701659738
669,-2981.24218568507
669.5,-2979.11466910523
670,-2973.79699146068
670.5,-2980.15503520598
671,-2944.75622677538
671.5,-2903.69815765463
672,-2826.33683805429
672.5,-2773.49486064202
673,-2688.65065111853
673.5,-2644.29833932572
674,-2626.32024619701
674.5,-2578.21247946001
675,-2557.36901456014
675.5,-2513.60430696244
676,-2492.72734969694
676.5,-2492.72734969694
677,-2521.75969971427
677.5,-2513.1983970182
678,-2493.59327118513
678.5,-2468.08041873089
679,-2441.71857457082
679.5,-2416.41398471842
680,-2398.19112731176
680.5,-2398.19112731176
681,-2398.19112731176
681.5,-2398.19112731176
682,-2398.19112731176
682.5,-2398.19112731176
683,-2398.19112731176
683.5,-2398.19112731176
684,-2398.19112731176
684.5,-2398.19112731176
685,-2398.19112731176
685.5,-2398.19112731176
686,-2398.19112731176
686.5,-2398.19112731176
687,-2398.19112731176
687.5,-2398.19112731176
688,-2398.19112731176
688.5,-2398.19112731176
689,-2398.19112731176
689.5,-2398.19112731176
690,-2398.19112731176
690.5,-2398.19112731176
691,-2398.19112731176
691.5,-2398.19112731176
692,-2398.19112731176
692.5,-2398.19112731176
693,-2398.19112731176
693.5,-2398.19112731176
694,-2398.19112731176
694.5,-2398.19112731176
695,-2398.19112731176
695.5,-2398.19112731176
696,-2398.19112731176
696.5,-2398.19112731176
697,-2398.19112731176
697.5,-2398.19112731176
698,-2398.19112731176
698.5,-2398.19112731176
699,-2398.19112731176
699.5,-2398.19112731176
700,-2398.19112731176
700.5,-2398.19112731176
701,-2398.19112731176
701.5,-2398.19112731176
702,-2398.19112731176
702.5,-2398.19112731176
703,-2398.19112731176
703.5,-2498.53763914405
704,-2518.67819786395
704.5,-2518.67819786395
705,-2549.56849249312
705.5,-2574.90567549386
706,-2591.36077658129
706.5,-2610.94360591847
707,-2630.61025601117
707.5,-2656.86162547371
708,-2673.4056087851
708.5,-2688.70299729418
709,-2706.17352094509
709.5,-2722.60087031041
710,-2720.41153491344
710.5,-2739.72923204091
711,-2755.10156572239
711.5,-2773.7020887564
712,-2791.28052299923
712.5,-2807.75388319508
713,-2824.21769279022
713.5,-2837.39581131123
714,-2849.43817697311
714.5,-2862.56239190704
715,-2875.7047967661
715.5,-2852.69903926873
716,-2852.69903926873
716.5,-2918.42592135532
717,-2971.7869218159
717.5,-3011.9742138782
718,-3043.74131323879
718.5,-3075.27205015547
719,-3106.8385820466
719.5,-3139.57755126394
720,-3169.00681779444
720.5,-3197.23615580204
721,-3226.58557869213
721.5,-3255.99924676076
722,-3285.44383475353
722.5,-3313.78390499229
723,-3339.84836367816
723.5,-3364.73592629463
724,-3388.4753993975
724.5,-3409.93720824072
725,-3429.09875659375
725.5,-3447.09092276569
726,-3465.06052233515
726.5,-3483.02904851433
727,-3502.12007890265
727.5,-3521.23465814431
728,-3535.85321683677
728.5,-3536.97221414395
729,-3536.97221414395
729.5,-3578.75240595213
730,-3581.05302672073
730.5,-3577.74405480188
731,-3576.64901794377
731.5,-3576.64901794377
732,-3581.03262094966
732.5,-3586.53202994128
733,-3593.13442836366
733.5,-3600.84169804564
734,-3608.55436252493
734.5,-3617.36541834249
735,-3626.18376047104
735.5,-3634.99981780362
736,-3643.81363992176
736.5,-3652.62535560609
737,-3661.43508816252
737.5,-3670.24295498923
738,-3679.04906787596
738.5,-3687.85353329277
739,-3696.65645266272
739.5,-3705.45792261947
740,-3708.75796485611
740.5,-3691.26543243775
741,-3668.82621391989
741.5,-3607.30483297623
742,-3550.38742831555
742.5,-3495.51372223391
743,-3442.79131580257
743.5,-3392.18820967975
744,-3342.67206122297
744.5,-3294.27447774353
745,-3246.9783742129
745.5,-3200.77025859862
746,-3150.62300481869
746.5,-3150.62300481869
747,-3103.59242585867
747.5,-3096.60668527623
748,-3083.13728597389
748.5,-3092.40558499635
749,-3085.02782123731
749.5,-3093.33010637518
750,-3100.71483963988
750.5,-3105.9922241534
751,-3108.10132946783
751.5,-3108.10132946783
752,-3107.05051380307
752.5,-3106.0001853024
753,-3104.94931515529
753.5,-3103.89793120879
754,-3102.84605888701
754.5,-3100.74138576534
755,-3098.63812702495
755.5,-3096.53418632718
756,-3094.42960283094
756.5,-3092.32440958636
757,-3090.21863796296
757.5,-3088.11231772889
758,-3086.00547713459
758.5,-3083.89814299198
759,-3081.79034074966
759.5,-3079.68209456405
760,-3077.57342736696
760.5,-3075.46436092952
761,-3071.24547091612
761.5,-3054.40428996199
762,-3053.36543445749
762.5,-3034.37264206614
763,-3010.54699645344
763.5,-2964.20964303703
764,-2889.82518347444
764.5,-2811.80829074217
765,-2740.18598408026
765.5,-2740.18598408026
766,-2681.07293671743
766.5,-2660.51087683562
767,-2614.88430620699
767.5,-2570.37727072174
768,-2529.85530057768
768.5,-2529.85530057768
769,-2481.46856696481
769.5,-2512.92441866769
770,-2512.92441866769
770.5,-2486.08201582669
771,-2459.91492442178
771.5,-2431.73446079563
772,-2402.62179733453
772.5,-2402.62179733453
773,-2402.62179733453
773.5,-2402.62179733453
774,-2402.62179733453
774.5,-2402.62179733453
775,-2402.62179733453
775.5,-2402.62179733453
776,-2402.62179733453
776.5,-2402.62179733453
777,-2402.62179733453
777.5,-2402.62179733453
778,-2402.62179733453
778.5,-2402.62179733453
779,-2402.62179733453
779.5,-2402.62179733453
780,-2402.62179733453
780.5,-2402.62179733453
781,-2402.62179733453
781.5,-2402.62179733453
782,-2402.62179733453
782.5,-2402.62179733453
783,-2402.62179733453
783.5,-2402.62179733453
784,-2402.62179733453
784.5,-2402.62179733453
785,-2402.62179733453
785.5,-2402.62179733453
786,-2402.62179733453
786.5,-2402.62179733453
787,-2402.62179733453
787.5,-2402.62179733453
788,-2402.62179733453
788.5,-2402.62179733453
789,-2402.62179733453
789.5,-2402.62179733453
790,-2402.62179733453
790.5,-2402.62179733453
791,-2402.62179733453
791.5,-2402.62179733453
792,-2402.62179733453
792.5,-2402.62179733453
793,-2402.62179733453
793.5,-2402.62179733453
794,-2402.62179733453
794.5,-2402.62179733453
795,-2402.62179733453
795.5,-2402.62179733453
796,-2402.62179733453
796.5,-2402.62179733453
797,-2402.62179733453
797.5,-2402.62179733453
798,-2402.62179733453
798.5,-2402.62179733453
799,-2402.62179733453
799.5,-2402.62179733453
800,-2402.62179733453
800.5,-2402.62179733453
801,-2402.62179733453
801.5,-2507.21814844045
802,-2542.88232381257
802.5,-2548.41313320622
803,-2585.97129072473
803.5,-2613.75068826573
804,-2630.27907959829
804.5,-2649.90268888615
805,-2672.89062957516
805.5,-2712.48000653294
806,-2733.78501598991
806.5,-2750.30658240474
807,-2767.85353761647
807.5,-2786.52768632334
808,-2786.52768632334
808.5,-2807.03175048465
809,-2820.26276953203
809.5,-2839.96818587636
810,-2858.71536830337
810.5,-2878.55868319884
811,-2903.96032881989
811.5,-2922.86362791459
812,-2936.12626802147
812.5,-2950.41373860412
813,-2964.71906053359
813.5,-2933.9006004456
814,-2933.9006004456
814.5,-3000.89791372111
815,-3056.74273563119
815.5,-3097.11342544827
816,-3130.090270289
816.5,-3161.73172944888
817,-3194.50021992089
817.5,-3225.08516766201
818,-3248.84639539665
818.5,-3271.33024144676
819,-3293.79445714829
819.5,-3317.39139183828
820,-3341.02758988321
820.5,-3364.67646208957
821,-3387.21042758484
821.5,-3409.72741940287
822,-3431.12626457876
822.5,-3452.50673076316
823,-3472.76713701895
823.5,-3491.88367888803
824,-3509.8564876881
824.5,-3526.68654966756
825,-3543.49582574205
825.5,-3560.30359144927
826,-3575.98990089012
826.5,-3590.53724662479
827,-3603.94723120162
827.5,-3617.33794261779
828,-3627.37801789436
828.5,-3627.37801789436
829,-3680.11767033225
829.5,-3696.39919812784
830,-3709.83989798491
830.5,-3719.88889385724
831,-3733.2349909601
831.5,-3751.08433327717
832,-3767.89642891664
832.5,-3783.5723262647
833,-3800.34830468361
833.5,-3817.14401152369
834,-3835.06112966849
834.5,-3853.00151831437
835,-3870.94539656576
835.5,-3890.01407768374
836,-3910.23261718703
836.5,-3936.10649618942
837,-3970.07635345999
837.5,-4006.66483887618
838,-4034.22490037751
838.5,-4053.58284785093
839,-4070.52386372243
839.5,-4086.29611021611
840,-4082.92083006461
840.5,-4082.92083006461
841,-4095.06589575091
841.5,-4104.00235084653
842,-4116.24410587794
842.5,-4127.40670775395
843,-4134.09495782564
843.5,-4140.74912777472
844,-4147.39870569351
844.5,-4154.04411224188
845,-4160.68556645076
845.5,-4167.32327538233
846,-4173.95743593273
846.5,-4180.58823537326
847,-4187.21585185298
847.5,-4193.84045487267
848,-4200.46220573192
848.5,-4207.08125795111
849,-4213.69775766975
849.5,-4220.31184402279
850,-4226.92364949598
850.5,-4233.53330026188
851,-4240.1409164974
851.5,-4246.74661268416
852,-4253.35049789257
852.5,-4259.95267605077
853,-4266.55324619904
853.5,-4273.15230273084
854,-4279.749935621
854.5,-4286.34623064197
855,-4292.94126956874
855.5,-4299.53513037304
856,-4305.02909456848
856.5,-4310.51572760136
857,-4316.00101210309
857.5,-4321.48505509918
858,-4326.96792838131
858.5,-4332.44970020767
859,-4337.93043563708
859.5,-4343.41019668522
860,-4348.88904247213
860.5,-4354.367029362
861,-4359.84421109585
861.5,-4365.32063891754
862,-4370.79636169331
862.5,-4376.27142602535
863,-4381.74587635962
863.5,-4387.21975508833
864,-4392.69310264727
864.5,-4398.16595760834
865,-4403.63835676747
865.5,-4409.11033522823
866,-4414.58192648133
866.5,-4420.05316248021
867,-4425.52407371296
867.5,-4430.99468927076
868,-4436.46503691294
868.5,-4441.93514312894
869,-4447.4050331973
869.5,-4452.87473124178
870,-4458.34426028479
870.5,-4463.81364229829
871,-4469.28289825225
871.5,-4474.75204816082
872,-4480.22111112629
872.5,-4485.69010538096
873,-4491.15904832711
873.5,-4496.62795657499
874,-4502.09684597908
874.5,-4507.56573167266
875,-4513.0346281007
875.5,-4518.50354905132
876,-4523.97250768568
876.5,-4529.44151656654
877,-4534.91058768549
877.5,-4540.3797324889
878,-4545.84896190269
878.5,-4551.31828635592
879,-4556.78771580338
879.5,-4562.25725974701
880,-4567.72692725649
880.5,-4573.19672698873
881,-4578.66666720659
881.5,-4584.1367557967
882,-4589.60700028642
882.5,-4595.07740786013
883,-4600.54798537469
883.5,-4606.01873937422
884,-4611.48967610423
884.5,-4616.96080152508
885,-4622.43212132487
885.5,-4627.9036409317
886,-4633.37536552538
886.5,-4638.84730004868
887,-4644.31944921796
887.5,-4649.79181753342
888,-4654.16989093775
888.5,-4658.54286465473
889,-4662.91557677336
889.5,-4667.28806944929
890,-4671.6603626574
890.5,-4676.03247533254
891,-4676.03247533254
891.5,-4658.62932250818
892,-4589.28535818393
892.5,-4503.57265530139
893,-4464.1178731048
893.5,-4378.88426690063
894,-4287.93299761405
894.5,-4197.03045678691
895,-4106.63452656598
895.5,-4017.62800161857
896,-3929.89611347537
896.5,-3844.35595813082
897,-3760.88339401961
897.5,-3750.46762624355
898,-3659.55404803778
898.5,-3605.105804186
899,-3566.43904262295
899.5,-3516.4900209163
900,-3494.20325633388
900.5,-3478.31638995546
901,-3489.31269836607
901.5,-3499.57959678133
902,-3509.87028473125
902.5,-3519.1583971517
903,-3528.46272881819
903.5,-3537.79070673622
904,-3547.14144732965
904.5,-3556.51403601764
905,-3565.90759465348
905.5,-3575.32128089111
906,-3583.70617518968
906.5,-3592.0989321295
907,-3600.50675314167
907.5,-3608.92908650934
908,-3617.36534739009
908.5,-3625.81497533559
909,-3634.27743374851
909.5,-3642.75220892321
910,-3651.23880911026
910.5,-3659.73676360938
911,-3668.24562189144
911.5,-3675.70003639264
912,-3683.15530491021
912.5,-3690.61834867313
913,-3698.08890830279
913.5,-3707.70319689624
914,-3717.34715325439
914.5,-3727.00149717759
915,-3736.66566894438
915.5,-3746.3392932914
916,-3756.02201235364
916.5,-3765.71348347712
917,-3775.41337854396
917.5,-3785.12138333895
918,-3794.83719694329
918.5,-3803.48016068659
919,-3812.11999327597
919.5,-3820.76520724746
920,-3829.41567596581
920.5,-3838.07121056898
921,-3846.73162957449
921.5,-3855.3967591042
922,-3864.06643255755
922.5,-3872.74049029492
923,-3881.41877933539
923.5,-3890.10115306795
924,-3898.78747097583
924.5,-3907.47759837322
925,-3916.17140615385
925.5,-3924.86877055091
926,-3933.56957290776
926.5,-3942.27369945893
927,-3950.98104112101
927.5,-3959.69149329283
928,-3967.31577286821
928.5,-3974.93391816497
929,-3982.55380109266
929.5,-3990.17542866215
930,-3997.79875213552
930.5,-4005.42372425423
931,-4013.05029958515
931.5,-4020.67843445179
932,-4028.30808686534
932.5,-4035.9392164586
933,-4043.57178442251
933.5,-4051.20582196484
934,-4058.84135808029
934.5,-4066.47835896105
935,-4074.1167916464
935.5,-4081.75662444264
936,-4089.39782687733
936.5,-4097.04036965212
937,-4104.68422459739
937.5,-4112.32936462875
938,-4119.97576370519
938.5,-4126.53087777697
939,-4133.07942429845
939.5,-4139.6283401246
940,-4146.17767422172
940.5,-4152.72743119123
941,-4159.27761501291
941.5,-4165.82822934746
942,-4172.37927755979
942.5,-4178.93076273927
943,-4185.4826877186
943.5,-4192.03505509149
944,-4198.58786722933
944.5,-4205.1411262966
945,-4211.69483426548
945.5,-4218.24899292941
946,-4224.80360391581
946.5,-4231.35866869798
947,-4237.91418860625
947.5,-4244.47016483833
948,-4251.02659846909
948.5,-4257.58349045963
949,-4264.14084166577
949.5,-4270.69865284596
950,-4277.25692466873
950.5,-4283.81565771956
951,-4289.28165337604
951.5,-4294.74159899211
952,-4300.20138785104
952.5,-4305.66107256149
953,-4311.12067318068
953.5,-4316.58020862884
954,-4322.03969690673
954.5,-4327.49915514224
955,-4332.95859963361
955.5,-4338.41804589058
956,-4343.87750867325
956.5,-4349.33700202915
957,-4354.79653932826
957.5,-4360.25613329632
958,-4365.7157960465
958.5,-4371.17553910938
959,-4376.63537346143
959.5,-4382.09530955213
960,-4387.55535732963
960.5,-4393.0155262652
961,-4398.47582537639
961.5,-4403.93626324908
962,-4409.39684805844
962.5,-4414.85758758876
963,-4420.31848925241
963.5,-4425.7795601078
964,-4431.24080687641
964.5,-4436.70223595908
965,-4442.16385345143
965.5,-4447.62566515849
966,-4453.0876766087
966.5,-4458.54989306717
967,-4464.01231954826
967.5,-4469.47496082763
968,-4476.03039357879
968.5,-4485.87573474144
969,-4506.7385255812
969.5,-4516.74662361039
970,-4526.64827662325
970.5,-4535.45190394396
971,-4544.24785826204
971.5,-4551.94605596926
972,-4559.63666623552
972.5,-4567.32816929797
973,-4575.0206157961
973.5,-4582.71399139923
974,-4589.30909757245
974.5,-4595.89696114345
975,-4603.58287974646
975.5,-4611.27830024451
976,-4618.97471391644
976.5,-4626.67204021132
977,-4633.2705186896
977.5,-4639.86171149074
978,-4646.4529536658
978.5,-4651.94575145212
979,-4657.43197026232
979.5,-4658.5291240176
980,-4658.5291240176
980.5,-4658.5291240176
981,-4641.09897264522
981.5,-4641.09897264522
982,-4646.53234732466
982.5,-4655.27471901321
983,-4656.37166097652
983.5,-4660.72415777372
984,-4665.0911020105
984.5,-4669.45817805997
985,-4673.82532850185
985.5,-4678.19255888373
986,-4682.55987475844
986.5,-4686.92728141748
987,-4691.29478390206
987.5,-4695.66238701486
988,-4700.03009533116
988.5,-4704.39791320955
989,-4708.76584480203
989.5,-4713.13389406375
990,-4717.50206476219
990.5,-4721.87036048596
991,-4726.23878465319
991.5,-4730.60734051953
992,-4734.97603118573
992.5,-4739.34485960496
993,-4743.71382858966
993.5,-4748.08294081817
994,-4752.45219884103
994.5,-4756.82160508696
995,-4761.19116186858
995.5,-4765.56087138785
996,-4769.93073574127
996.5,-4774.30075692482
997,-4778.67093683872
997.5,-4783.04127729188
998,-4787.41178000622
998.5,-4791.78244662075
999,-4796.15327869547
999.5,-4800.52427771509
1000,-4804.89544509259
1000.5,-4809.26678217256
1001,-4813.63829023447
1001.5,-4818.00997049569
1002,-4822.38182411447
1002.5,-4826.75385219269
1003,-4831.12605577854
1003.5,-4835.49843586906
1004,-4839.87099341254
1004.5,-4844.24372931085
1005,-4848.61664442162
1005.5,-4852.98973956036
1006,-4857.3630155024
1006.5,-4861.73647298488
1007,-4866.11011270849
1007.5,-4870.48393533923
1008,-4874.85794151007
1008.5,-4879.2321318225
1009,-4883.60650684805
1009.5,-4887.98106712971
1010,-4892.35581318327
1010.5,-4896.73074549865
1011,-4901.10586454114
1011.5,-4905.48117075255
1012,-4909.85666455233
1012.5,-4914.23234633868
1013,-4918.60821648955
1013.5,-4922.98427536361
1014,-4927.36052330116
1014.5,-4931.73696062506
1015,-4932.83111737917
1015.5,-4933.92125189897
1016,-4935.01110197777
1016.5,-4936.10068649941
1017,-4937.19001939908
1017.5,-4938.27911390337
1018,-4939.36798257108
1018.5,-4940.45663732737
1019,-4941.54508949608
1019.5,-4942.63334983043
1020,-4943.72142854204
1020.5,-4944.80933532848
1021,-4945.8970793994
1021.5,-4946.98466950125
1022,-4948.07211394079
1022.5,-4949.15942060731
1023,-4950.24659699381
1023.5,-4951.33365021698
1024,-4952.42058703621
1024.5,-4953.50741387165
1025,-4954.59413682128
1025.5,-4955.68076167718
1026,-4956.7672939409
1026.5,-4957.85373883813
1027,-4958.94010133252
1027.5,-4960.02638613892
1028,-4961.11259773581
1028.5,-4962.19874037725
1029,-4963.2848181041
1029.5,-4964.37083475473
1030,-4965.4567939752
1030.5,-4966.54269922888
1031,-4970.88611753588
1031.5,-4979.6050154985
1032,-4994.94402424129
1032.5,-5001.57281762741
1033,-5007.048174555
1033.5,-5012.51832404957
1034,-5017.9898356592
1034.5,-5023.46269400167
1035,-5028.93684827208
1035.5,-5034.41224989906
1036,-5039.8888526483
1036.5,-5045.36661251446
1037,-5050.84548761666
1037.5,-5056.32543809862
1038,-5061.80642603374
1038.5,-5067.28841533374
1039,-5072.77137166175
1039.5,-5078.25526234936
1040,-5083.74005631752
1040.5,-5089.22572400092
1041,-5094.71223727603
1041.5,-5100.19956939225
1042,-5105.6876949064
1042.5,-5111.17658962014
1043,-5116.66623052036
1043.5,-5121.05852268187
1044,-5125.44578166979
1044.5,-5126.54261207541
1045,-5126.54261207541
1045.5,-5126.54261207541
1046,-5126.54261207541
1046.5,-5125.45242600715
1047,-5124.36397744876
1047.5,-5123.27598539307
1048,-5121.1008703863
1048.5,-5118.92930327907
1049,-5116.75873041698
1049.5,-5113.50429572923
1050,-5110.25527206722
1050.5,-5105.92536717976
1051,-5101.60287857268
1051.5,-5099.4428037841
1052,-5096.19632713732
1052.5,-5092.95486687192
1053,-5089.71463142828
1053.5,-5085.39588809183
1054,-5081.08399011316
1054.5,-5076.77391670078
1055,-5073.54268084928
1055.5,-5070.30870437719
1056,-5067.07562178944
1056.5,-5063.84337997981
1057,-5061.68908702576
1057.5,-5059.5326348312
1058,-5057.37646333135
1058.5,-5055.22055520204
1059,-5054.14272725774
1059.5,-5053.0636805825
1060,-5051.98464392425
1060.5,-5051.98464392425
1061,-5051.98464392425
1061.5,-5135.1803294988
1062,-5151.91875837532
1062.5,-5164.13469649531
1063,-5175.19558796757
1063.5,-5187.35604721324
1064,-5199.54046070472
1064.5,-5210.62585263649
1065,-5221.70492146738
1065.5,-5232.79041546987
1066,-5241.66386840508
1066.5,-5241.66386840508
1067,-5235.08907592051
1067.5,-5243.78407448126
1068,-5252.62484249427
1068.5,-5262.57603000441
1069,-5272.54385019285
1069.5,-5282.51642357789
1070,-5292.4934466779
1070.5,-5302.4747484756
1071,-5312.46016740878
1071.5,-5322.44954968826
1072,-5332.44274893192
1072.5,-5342.43962582708
1073,-5352.44004780711
1073.5,-5362.4438887414
1074,-5372.4510286385
1074.5,-5382.46135336169
1075,-5392.47475435678
1075.5,-5402.49112839158
1076,-5412.51037730661
1076.5,-5422.53240777669
1077,-5432.55713108293
1077.5,-5442.58446289476
1078,-5452.61432306165
1078.5,-5462.64663541405
1079,-5472.68132757326
1079.5,-5482.71833076989
1080,-5492.75757967041
1080.5,-5502.79901221171
1081,-5512.84256944311
1081.5,-5522.88819537565
1082,-5532.9358368383
1082.5,-5541.86882039607
1083,-5550.79168422805
1083.5,-5559.71508256695
1084,-5568.63912790267
1084.5,-5577.56383069269
1085,-5586.4891998803
1085.5,-5595.41524389141
1086,-5604.34197067187
1086.5,-5613.26938771412
1087,-5622.19750208227
1087.5,-5631.126320436
1088,-5640.05584905309
1088.5,-5648.98609385079
1089,-5657.91706040609
1089.5,-5666.84875397489
1090,-5675.78117951012
1090.5,-5684.71434167895
1091,-5693.64824487904
1091.5,-5702.58289325388
1092,-5711.51829070742
1092.5,-5720.45444091776
1093,-5729.3913473502
1093.5,-5738.32901326955
1094,-5747.26744175175
1094.5,-5756.20663569488
1095,-5765.14659782953
1095.5,-5774.08733072863
1096,-5784.14652507775
1096.5,-5790.8621495665
1097,-5802.01277664134
1097.5,-5814.34138756698
1098,-5824.44585894362
1098.5,-5833.40772166645
1099,-5842.35905636323
1099.5,-5852.42978097533
1100,-5862.51452708013
1100.5,-5872.60124424949
1101,-5882.68975747043
1101.5,-5892.78002333819
1102,-5902.87200218525
1102.5,-5912.96565656505
1103,-5923.06095111698
1103.5,-5933.15785245263
1104,-5943.25632904811
1104.5,-5953.35635114204
1105,-5962.3354973616
1105.5,-5971.30397634421
1106,-5980.27255873048
1106.5,-5988.12028084764
1107,-5995.95779191565
1107.5,-6003.79454152928
1108,-6010.5112361131
1108.5,-6017.2185540497
1109,-6023.92460371093
1109.5,-6029.51205146084
1110,-6035.09125548258
1110.5,-6036.2067985773
1111,-6037.31621153431
1111.5,-6038.42484476125
1112,-6038.42484476125
1112.5,-6038.42484476125
1113,-6038.42484476125
1113.5,-6038.42484476125
1114,-6037.32121719121
1114.5,-6036.21964965118
1115,-6035.11880265907
1115.5,-6034.01863454486
1116,-6031.81957537201
1116.5,-6030.72205854657
1117,-6027.42734599556
1117.5,-6008.81407633571
1118,-5990.5399312825
1118.5,-5989.46694665258
1119,-5990.55918443621
1119.5,-5987.27474170116
1120,-5981.82816082753
1120.5,-5968.79432100016
1121,-5949.42566106563
1121.5,-5925.95541800501
1122,-5900.5190487524
1122.5,-5874.13977231001
1123,-5846.79647448745
1123.5,-5819.54350071414
1124,-5792.34750174619
1124.5,-5766.24970945451
1125,-5742.2570042812
1125.5,-5718.24962868025
1126,-5703.65776837533
1126.5,-5693.13914847272
1127,-5654.05715969124
1127.5,-5586.52121418391
1128,-5485.55687301205
1128.5,-5417.0324556333
1129,-5379.90207191223
1129.5,-5315.55277382961
1130,-5237.46967426308
1130.5,-5153.0534300841
1131,-5068.56292955456
1131.5,-4981.6003084602
1132,-4888.61194870408
1132.5,-4794.64609256852
1133,-4702.0528557946
1133.5,-4702.0528557946
1134,-4604.47216824368
1134.5,-4575.96697487277
1135,-4515.38797643451
1135.5,-4430.92801510521
1136,-4344.67925691883
1136.5,-4247.69857376069
1137,-4152.76978251504
1137.5,-4152.76978251504
1138,-4045.86734122056
1138.5,-4018.75171729095
1139,-3965.66766323754
1139.5,-3886.29682479435
1140,-3800.39608248552
1140.5,-3707.77611548857
1141,-3607.66310801514
1141.5,-3507.48188556285
1142,-3408.4494814692
1142.5,-3310.44786914174
1143,-3213.46338498646
1143.5,-3118.373692842
1144,-3024.1965910504
1144.5,-2936.36316324889
1145,-2936.36316324889
1145.5,-2842.7164097754
1146,-2804.99250650408
1146.5,-2722.45986523109
1147,-2622.75761057334
1147.5,-2519.98392562871
1148,-2419.38835041478
1148.5,-2319.67342809928
1149,-2221.80693218751
1149.5,-2125.70443730566
1150,-2031.35777770392
1150.5,-1938.75530048533
1151,-1850.55977895793
1151.5,-1767.50302121529
1152,-1717.32819487395
1152.5,-1645.73876900296
1153,-1580.60893095526
1153.5,-1490.60759880243
1154,-1398.59664908465
1154.5,-1310.34087948739
1155,-1229.94617878791
1155.5,-1152.72691172354
1156,-1070.83444335426
1156.5,-988.300426891633
1157,-915.668917349776
1157.5,-915.668917349776
1158,-830.018151500021
1158.5,-770.676964458317
1159,-734.975179191927
1159.5,-696.771235350982
1160,-696.771235350982
1160.5,-696.771235350982
1161,-696.771235350982
1161.5,-696.771235350982
1162,-696.771235350982
1162.5,-696.771235350982
1163,-696.771235350982
1163.5,-696.771235350982
1164,-696.771235350982
1164.5,-696.771235350982
1165,-696.771235350982
1165.5,-696.771235350982
1166,-696.771235350982
1166.5,-696.771235350982
1167,-696.771235350982
1167.5,-696.771235350982
1168,-696.771235350982
1168.5,-696.771235350982
1169,-696.771235350982
1169.5,-696.771235350982
1170,-696.771235350982
1170.5,-696.771235350982
1171,-696.771235350982
1171.5,-696.771235350982
1172,-696.771235350982
1172.5,-696.771235350982
1173,-696.771235350982
1173.5,-696.771235350982
1174,-696.771235350982
1174.5,-696.771235350982
1175,-696.771235350982
1175.5,-696.771235350982
1176,-696.771235350982
1176.5,-696.771235350982
1177,-696.771235350982
1177.5,-696.771235350982
1178,-696.771235350982
1178.5,-696.771235350982
1179,-696.771235350982
1179.5,-696.771235350982
1180,-696.771235350982
