Batterie Ladung [C],Zeit [s]
0.0,0.0
0.0,0.5
0.0,1.0
0.0,1.5
0.0,2.0
0.0,2.5
0.0,3.0
0.0,3.5
0.0,4.0
0.0,4.5
0.0,5.0
0.0,5.5
0.0,6.0
0.0,6.5
0.0,7.0
0.0,7.5
0.0,8.0
0.0,8.5
0.0,9.0
0.0,9.5
0.0,10.0
0.0,10.5
0.0,11.0
0.0,11.5
-24.943979978298735,12.0
-126.87171402864746,12.5
-159.10884940312977,13.0
-222.45528268454237,13.5
-284.0484492476273,14.0
-394.852499714217,14.5
-511.5770889799646,15.0
-578.9071497529521,15.5
-583.5886177010732,16.0
-596.5776653054133,16.5
-607.5046101750966,17.0
-609.6835478931381,17.5
-607.5292948092504,18.0
-606.4590312578576,18.5
-605.388704592657,19.0
-604.3196084833157,19.5
-603.2516869299624,20.0
-602.1848881750655,20.5
-601.1191628884026,21.0
-600.0544640462315,21.5
-598.9907468151931,22.0
-597.9279684426244,22.5
-611.7324122092017,23.0
-653.8769826208021,23.5
-663.9600081063772,24.0
-659.64741033235,24.5
-654.3516611811482,25.0
-628.989226741597,25.5
-593.9501646573324,26.0
-582.7675555247281,26.5
-582.7675555247281,27.0
-582.7675555247281,27.5
-582.7675555247281,28.0
-582.7675555247281,28.5
-582.7675555247281,29.0
-582.7675555247281,29.5
-582.7675555247281,30.0
-582.7675555247281,30.5
-582.7675555247281,31.0
-582.7675555247281,31.5
-582.7675555247281,32.0
-582.7675555247281,32.5
-582.7675555247281,33.0
-582.7675555247281,33.5
-582.7675555247281,34.0
-582.7675555247281,34.5
-582.7675555247281,35.0
-582.7675555247281,35.5
-582.7675555247281,36.0
-582.7675555247281,36.5
-582.7675555247281,37.0
-582.7675555247281,37.5
-582.7675555247281,38.0
-582.7675555247281,38.5
-582.7675555247281,39.0
-582.7675555247281,39.5
-582.7675555247281,40.0
-582.7675555247281,40.5
-582.7675555247281,41.0
-582.7675555247281,41.5
-582.7675555247281,42.0
-582.7675555247281,42.5
-582.7675555247281,43.0
-582.7675555247281,43.5
-582.7675555247281,44.0
-582.7675555247281,44.5
-582.7675555247281,45.0
-582.7675555247281,45.5
-582.7675555247281,46.0
-582.7675555247281,46.5
-582.7675555247281,47.0
-582.7675555247281,47.5
-582.7675555247281,48.0
-582.7675555247281,48.5
-582.7675555247281,49.0
-582.7675555247281,49.5
-582.7675555247281,50.0
-686.3299860924575,50.5
-731.77469006411,51.0
-742.9168697547799,51.5
-784.6608076161878,52.0
-820.2580763128797,52.5
-843.4928476892574,53.0
-876.2362298820167,53.5
-953.6305339463031,54.0
-1033.4326935959007,54.5
-1110.2981662197876,55.0
-1193.1127088904952,55.5
-1279.3188967793012,56.0
-1278.1110939332725,56.5
-1283.5390587611644,57.0
-1389.5188060934927,57.5
-1471.4926715982372,58.0
-1541.5975615405407,58.5
-1614.4574391221477,59.0
-1691.387538498746,59.5
-1771.3661781922688,60.0
-1853.1155393068057,60.5
-1918.121037986206,61.0
-1969.8916168697012,61.5
-1978.195713563639,62.0
-1978.195713563639,62.5
-1997.1303471439517,63.0
-2007.3540450386106,63.5
-2005.107449229144,64.0
-2002.8963026108956,64.5
-1999.5868842384273,65.0
-1998.4874589729689,65.5
-1998.4874589729689,66.0
-1998.4874589729689,66.5
-1999.584883038968,67.0
-2002.8760470056125,67.5
-2006.1706956600538,68.0
-2009.4613719795323,68.5
-2012.7482593674686,69.0
-2016.031555536642,69.5
-2019.3114464244136,70.0
-2022.5880896774158,70.5
-2025.8616503248975,71.0
-2029.1322836758536,71.5
-2032.400135910736,72.0
-2035.6653446873945,72.5
-2038.9280397034947,73.0
-2042.1883432185837,73.5
-2045.446370538904,74.0
-2048.7022304678053,74.5
-2051.9560257243693,75.0
-2055.2078533326467,75.5
-2058.457804983722,76.0
-2061.705967372629,76.5
-2064.9524225119912,77.0
-2068.197248024106,77.5
-2071.4405174130584,78.0
-2074.6823003183204,78.5
-2077.922662751191,79.0
-2081.161667315311,79.5
-2084.399373412403,80.0
-2087.6358374342944,80.5
-2090.871112942206,81.0
-2094.105250834199,81.5
-2097.338299501631,82.0
-2100.5703049753824,82.5
-2103.801311062576,83.0
-2107.031359474449,83.5
-2108.107736298297,84.0
-2109.181223852454,84.5
-2104.8890063851054,85.0
-2123.0149084699465,85.5
-2093.5103238447064,86.0
-2052.025433339553,86.5
-1982.5608420857575,87.0
-1970.6910353927642,87.5
-1926.7185326666843,88.0
-1919.643434933726,88.5
-1919.643434933726,89.0
-1891.118037430528,89.5
-1861.4102939920692,90.0
-1834.8541017763037,90.5
-1805.1842195631289,91.0
-1805.1842195631289,91.5
-1820.929767218313,92.0
-1801.6963584086077,92.5
-1784.1910761461932,93.0
-1772.8539779870737,93.5
-1754.1937059654492,94.0
-1732.6037250100107,94.5
-1701.8841835307828,95.0
-1701.8841835307828,95.5
-1701.8841835307828,96.0
-1701.8841835307828,96.5
-1701.8841835307828,97.0
-1701.8841835307828,97.5
-1701.8841835307828,98.0
-1701.8841835307828,98.5
-1701.8841835307828,99.0
-1701.8841835307828,99.5
-1701.8841835307828,100.0
-1701.8841835307828,100.5
-1701.8841835307828,101.0
-1701.8841835307828,101.5
-1701.8841835307828,102.0
-1701.8841835307828,102.5
-1701.8841835307828,103.0
-1701.8841835307828,103.5
-1701.8841835307828,104.0
-1701.8841835307828,104.5
-1701.8841835307828,105.0
-1701.8841835307828,105.5
-1701.8841835307828,106.0
-1701.8841835307828,106.5
-1701.8841835307828,107.0
-1701.8841835307828,107.5
-1701.8841835307828,108.0
-1701.8841835307828,108.5
-1701.8841835307828,109.0
-1701.8841835307828,109.5
-1701.8841835307828,110.0
-1701.8841835307828,110.5
-1701.8841835307828,111.0
-1701.8841835307828,111.5
-1701.8841835307828,112.0
-1701.8841835307828,112.5
-1701.8841835307828,113.0
-1701.8841835307828,113.5
-1701.8841835307828,114.0
-1701.8841835307828,114.5
-1701.8841835307828,115.0
-1701.8841835307828,115.5
-1701.8841835307828,116.0
-1702.9373655502075,116.5
-1702.9373655502075,117.0
-1702.9373655502075,117.5
-1702.9373655502075,118.0
-1807.2274313963756,118.5
-1841.872814471337,119.0
-1855.1198997681736,119.5
-1889.6491662986953,120.0
-1921.7437019890328,120.5
-1941.6466027832753,121.0
-1966.7616380644902,121.5
-2007.4445634701501,122.0
-2071.355610462317,122.5
-2107.179578584642,123.0
-2136.327841250943,123.5
-2161.9508009150777,124.0
-2187.495528781633,124.5
-2187.495528781633,125.0
-2213.4147488104654,125.5
-2231.202809182349,126.0
-2255.4507017270575,126.5
-2279.888718998134,127.0
-2309.908715914771,127.5
-2364.7868410357387,128.0
-2401.748701931482,128.5
-2418.7504339910993,129.0
-2436.489264333216,129.5
-2455.3528768581664,130.0
-2474.2423207701904,130.5
-2494.246384426607,131.0
-2514.2794870165035,131.5
-2544.3371056864275,132.0
-2582.6445923006454,132.5
-2594.032910230134,133.0
-2594.032910230134,133.5
-2657.2626475301904,134.0
-2721.8022459281747,134.5
-2777.218347267389,135.0
-2826.343647983409,135.5
-2874.0508553082236,136.0
-2922.9314439133113,136.5
-2971.9665568661326,137.0
-3018.7578716756416,137.5
-3064.334760783117,138.0
-3107.5764560408975,138.5
-3149.5897901324165,139.0
-3188.090428365629,139.5
-3220.655730460793,140.0
-3243.7722727131236,140.5
-3265.499490424003,141.0
-3288.325443510455,141.5
-3312.3128981154587,142.0
-3336.324931802875,142.5
-3355.7597420202087,143.0
-3362.581802770952,143.5
-3369.3033584611812,144.0
-3369.3033584611812,144.5
-3353.780770450454,145.0
-3361.3969675163585,145.5
-3366.963225957448,146.0
-3373.621017853726,146.5
-3382.4994927961443,147.0
-3392.503317345622,147.5
-3401.4003743472517,148.0
-3410.281023643051,148.5
-3420.265037156555,149.0
-3429.14515567941,149.5
-3438.009791631906,150.0
-3446.8692867937702,150.5
-3455.723993953064,151.0
-3464.5741607617074,151.5
-3473.4200217107077,152.0
-3482.261799653416,152.5
-3491.0997064531753,153.0
-3499.9339435844313,153.5
-3508.7647026974882,154.0
-3517.5921661493708,154.5
-3524.210422164598,155.0
-3507.710984220766,155.5
-3490.56162923043,156.0
-3444.6010023144786,156.5
-3397.016288589771,157.0
-3351.7483219972823,157.5
-3308.592834979551,158.0
-3266.5141388828306,158.5
-3225.542053258405,159.0
-3185.662846072187,159.5
-3145.8447022397686,160.0
-3107.140686839361,160.5
-3064.414108274333,161.0
-3064.414108274333,161.5
-3064.414108274333,162.0
-3065.4690125037973,162.5
-3063.3557826343917,163.0
-3069.677537227319,163.5
-3066.4870723715526,164.0
-3075.9696371805403,164.5
-3084.5154280916786,165.0
-3090.924861938312,165.5
-3096.258607289705,166.0
-3100.5237339063974,166.5
-3100.5237339063974,167.0
-3100.5237339063974,167.5
-3100.5237339063974,168.0
-3099.4619815968545,168.5
-3098.401263656044,169.0
-3097.3404495042782,169.5
-3096.2795468053596,170.0
-3095.2185616148668,170.5
-3094.1574996232916,171.0
-3093.096366176564,171.5
-3092.0351662966004,172.0
-3090.9739047006397,172.5
-3089.9125858194407,173.0
-3088.8512138144033,173.5
-3087.789792593679,174.0
-3086.728325827327,174.5
-3085.6668169615737,175.0
-3084.605269232227,175.5
-3081.4205185674286,176.0
-3068.710639867335,176.5
-3076.0475445998245,177.0
-3067.4833424482335,177.5
-3052.745490920475,178.0
-3014.073668343085,178.5
-2945.8696278617795,179.0
-2873.95949089426,179.5
-2808.4551967079788,180.0
-2808.4551967079788,180.5
-2741.5420711106835,181.0
-2722.014501174495,181.5
-2684.22636392045,182.0
-2649.1617986052484,182.5
-2609.0360431556655,183.0
-2609.0360431556655,183.5
-2528.117590347736,184.0
-2548.206989917873,184.5
-2529.191602964933,185.0
-2502.7653715525917,185.5
-2476.543689767436,186.0
-2455.373347743807,186.5
-2431.0675678622533,187.0
-2431.0675678622533,187.5
-2431.0675678622533,188.0
-2431.0675678622533,188.5
-2431.0675678622533,189.0
-2431.0675678622533,189.5
-2431.0675678622533,190.0
-2431.0675678622533,190.5
-2431.0675678622533,191.0
-2431.0675678622533,191.5
-2431.0675678622533,192.0
-2431.0675678622533,192.5
-2431.0675678622533,193.0
-2431.0675678622533,193.5
-2431.0675678622533,194.0
-2431.0675678622533,194.5
-2431.0675678622533,195.0
-2431.0675678622533,195.5
-2431.0675678622533,196.0
-2431.0675678622533,196.5
-2431.0675678622533,197.0
-2431.0675678622533,197.5
-2431.0675678622533,198.0
-2431.0675678622533,198.5
-2431.0675678622533,199.0
-2431.0675678622533,199.5
-2431.0675678622533,200.0
-2431.0675678622533,200.5
-2431.0675678622533,201.0
-2431.0675678622533,201.5
-2431.0675678622533,202.0
-2431.0675678622533,202.5
-2431.0675678622533,203.0
-2431.0675678622533,203.5
-2431.0675678622533,204.0
-2431.0675678622533,204.5
-2431.0675678622533,205.0
-2431.0675678622533,205.5
-2431.0675678622533,206.0
-2431.0675678622533,206.5
-2463.758208993911,207.0
-2557.8374445990985,207.5
-2580.2396639704925,208.0
-2621.684004947326,208.5
-2645.1208727357553,209.0
-2690.0645163748704,209.5
-2726.062679845438,210.0
-2722.713497758989,210.5
-2718.4327651947874,211.0
-2699.2042306807166,211.5
-2686.6024992884186,212.0
-2677.0996213789335,212.5
-2666.5182165944316,213.0
-2655.9594891521547,213.5
-2645.411004720866,214.0
-2634.8723923410935,214.5
-2624.3431796453597,215.0
-2613.8229222428026,215.5
-2603.3112006985857,216.0
-2592.807619044129,216.5
-2582.311803368908,217.0
-2571.823400502628,217.5
-2555.0532825486525,218.0
-2541.528834251476,218.5
-2549.8722478302475,219.0
-2539.19826864545,219.5
-2530.8298817183563,220.0
-2513.0128796956024,220.5
-2491.2372447782614,221.0
-2469.5760174917527,221.5
-2445.8775743537735,222.0
-2445.8775743537735,222.5
-2445.8775743537735,223.0
-2445.8775743537735,223.5
-2445.8775743537735,224.0
-2445.8775743537735,224.5
-2445.8775743537735,225.0
-2445.8775743537735,225.5
-2445.8775743537735,226.0
-2445.8775743537735,226.5
-2445.8775743537735,227.0
-2445.8775743537735,227.5
-2445.8775743537735,228.0
-2445.8775743537735,228.5
-2445.8775743537735,229.0
-2445.8775743537735,229.5
-2445.8775743537735,230.0
-2445.8775743537735,230.5
-2445.8775743537735,231.0
-2445.8775743537735,231.5
-2445.8775743537735,232.0
-2445.8775743537735,232.5
-2445.8775743537735,233.0
-2445.8775743537735,233.5
-2445.8775743537735,234.0
-2445.8775743537735,234.5
-2445.8775743537735,235.0
-2445.8775743537735,235.5
-2445.8775743537735,236.0
-2445.8775743537735,236.5
-2445.8775743537735,237.0
-2445.8775743537735,237.5
-2445.8775743537735,238.0
-2445.8775743537735,238.5
-2445.8775743537735,239.0
-2445.8775743537735,239.5
-2445.8775743537735,240.0
-2445.8775743537735,240.5
-2445.8775743537735,241.0
-2445.8775743537735,241.5
-2445.8775743537735,242.0
-2445.8775743537735,242.5
-2445.8775743537735,243.0
-2445.8775743537735,243.5
-2445.8775743537735,244.0
-2445.8775743537735,244.5
-2445.8775743537735,245.0
-2546.483736025817,245.5
-2560.833242057877,246.0
-2577.0912077838766,246.5
-2609.7028353681067,247.0
-2635.2088866561653,247.5
-2651.7369070089812,248.0
-2671.3909472664377,248.5
-2690.033925097958,249.0
-2714.1534174114327,249.5
-2730.717562755722,250.0
-2747.154870407953,250.5
-2770.177242211941,251.0
-2734.8039483721423,251.5
-2734.8039483721423,252.0
-2783.136660510019,252.5
-2822.9054271344166,253.0
-2868.019744527613,253.5
-2921.4885294752594,254.0
-2975.6374385765394,254.5
-3020.741234241748,255.0
-3045.9797118878028,255.5
-3068.4343130462066,256.0
-3069.5541388436363,256.5
-3067.3683562023,257.0
-3057.5797959743704,257.5
-3057.5797959743704,258.0
-3043.4468123382812,258.5
-3037.033616306403,259.0
-3030.5763030905896,259.5
-3024.127351196255,260.0
-3017.686011391021,260.5
-3011.2519205524504,261.0
-3004.8247330528943,261.5
-3011.2453440265476,262.0
-3015.5844810569943,262.5
-3015.5844810569943,263.0
-3015.5844810569943,263.5
-3014.5083954744123,264.0
-3013.4341198906955,264.5
-3012.3603927088056,265.0
-3011.287189907735,265.5
-3010.214487362487,266.0
-3009.1422621862384,266.5
-3008.070492659912,267.0
-3006.999158167494,267.5
-3005.9282391352094,268.0
-3004.85771697431,268.5
-3003.7875740272407,269.0
-3002.717793516977,269.5
-3001.6483594993238,270.0
-3000.579256817998,270.5
-2999.510471062317,271.0
-2998.4419885273273,271.5
-2997.3737961762336,272.0
-2996.305881604973,272.5
-2995.238233008812,273.0
-2994.1708391508414,273.5
-2993.103689332249,274.0
-2992.0367733642706,274.5
-2990.9700815417123,275.0
-2989.903604617951,275.5
-2988.8373337813264,276.0
-2987.771260632843,276.5
-2986.7053771651017,277.0
-2985.639675742387,277.5
-2984.574149081851,278.0
-2983.5087902357172,278.5
-2982.4435925744574,279.0
-2981.3785497708755,279.5
-2976.054079841756,280.0
-2983.4710774248556,280.5
-2946.929094899388,281.0
-2911.120246303547,281.5
-2838.598701632025,282.0
-2777.862785227064,282.5
-2702.7911013006933,283.0
-2661.087046813473,283.5
-2644.077947439567,284.0
-2608.18511066888,284.5
-2576.0429378607955,285.0
-2546.841054420357,285.5
-2516.5738327934237,286.0
-2516.5738327934237,286.5
-2525.9279830947753,287.0
-2497.5456531295795,287.5
-2479.363277621312,288.0
-2450.7949357586253,288.5
-2430.6225913574704,289.0
-2407.236152508359,289.5
-2384.9527804983127,290.0
-2384.9527804983127,290.5
-2384.9527804983127,291.0
-2384.9527804983127,291.5
-2384.9527804983127,292.0
-2384.9527804983127,292.5
-2384.9527804983127,293.0
-2384.9527804983127,293.5
-2384.9527804983127,294.0
-2384.9527804983127,294.5
-2384.9527804983127,295.0
-2384.9527804983127,295.5
-2384.9527804983127,296.0
-2384.9527804983127,296.5
-2384.9527804983127,297.0
-2384.9527804983127,297.5
-2384.9527804983127,298.0
-2384.9527804983127,298.5
-2384.9527804983127,299.0
-2384.9527804983127,299.5
-2384.9527804983127,300.0
-2384.9527804983127,300.5
-2384.9527804983127,301.0
-2384.9527804983127,301.5
-2384.9527804983127,302.0
-2384.9527804983127,302.5
-2384.9527804983127,303.0
-2384.9527804983127,303.5
-2384.9527804983127,304.0
-2384.9527804983127,304.5
-2384.9527804983127,305.0
-2384.9527804983127,305.5
-2384.9527804983127,306.0
-2384.9527804983127,306.5
-2384.9527804983127,307.0
-2384.9527804983127,307.5
-2384.9527804983127,308.0
-2384.9527804983127,308.5
-2384.9527804983127,309.0
-2384.9527804983127,309.5
-2384.9527804983127,310.0
-2384.9527804983127,310.5
-2384.9527804983127,311.0
-2384.9527804983127,311.5
-2384.9527804983127,312.0
-2384.9527804983127,312.5
-2384.9527804983127,313.0
-2485.288337046404,313.5
-2502.0007317516283,314.0
-2518.2642110921774,314.5
-2550.805665145427,315.0
-2576.2610768544932,315.5
-2592.75617580738,316.0
-2613.460184758955,316.5
-2633.1868977602817,317.0
-2657.2943642150613,317.5
-2672.729531475019,318.0
-2686.933131475167,318.5
-2703.307282181493,319.0
-2719.730774197501,319.5
-2718.6351606193925,320.0
-2739.041905293595,320.5
-2756.653196890072,321.0
-2775.3196732224433,321.5
-2792.92155067875,322.0
-2808.3146293371133,322.5
-2822.579555172444,323.0
-2833.5427164459306,323.5
-2845.5594448587412,324.0
-2857.592354442543,324.5
-2870.7217794230373,325.0
-2883.870586015986,325.5
-2897.023062981659,326.0
-2909.0826044118885,326.5
-2921.129565329333,327.0
-2921.129565329333,327.5
-2945.972654216252,328.0
-3004.88717107728,328.5
-3060.584352025268,329.0
-3103.494494554578,329.5
-3138.9920597815612,330.0
-3170.832019350963,330.5
-3202.5784675673794,331.0
-3234.359218605523,331.5
-3265.041410758818,332.0
-3294.5806784105444,332.5
-3322.972740486778,333.0
-3349.0801525413513,333.5
-3374.002756329925,334.0
-3396.640416982474,334.5
-3416.968043775902,335.0
-3434.9923786297045,335.5
-3452.9693191114993,336.0
-3472.067903936106,336.5
-3491.1913971255776,337.0
-3511.4415379268517,337.5
-3528.3404827350896,338.0
-3531.70728755799,338.5
-3523.976779027707,339.0
-3523.976779027707,339.5
-3527.267197252682,340.0
-3526.167484292984,340.5
-3525.0743528320445,341.0
-3525.0743528320445,341.5
-3530.53452149356,342.0
-3537.1220211776263,342.5
-3544.8134416448206,343.0
-3553.611243377993,343.5
-3562.4176104992184,344.0
-3571.2221052917357,344.5
-3581.1250733803577,345.0
-3591.0388599398807,345.5
-3600.9517570276016,346.0
-3610.863716994794,346.5
-3620.7748150179373,347.0
-3630.685124051448,347.5
-3639.4936481393306,348.0
-3648.2902139798675,348.5
-3657.0854154131684,349.0
-3665.879437235474,349.5
-3670.2758986870926,350.0
-3652.7823916963684,350.5
-3633.601080819452,351.0
-3579.466191089882,351.5
-3527.496958613245,352.0
-3476.6375588561214,352.5
-3427.939278369951,353.0
-3381.326851885279,353.5
-3335.773368239369,354.0
-3291.3133613513596,354.5
-3247.9325489600274,355.0
-3205.6200139957523,355.5
-3159.3347207249967,356.0
-3159.3347207249967,356.5
-3118.4423681943604,357.0
-3113.422949864436,357.5
-3106.133184003773,358.0
-3112.3688701299207,358.5
-3110.258423100717,359.0
-3118.632393573517,359.5
-3126.0497317658196,360.0
-3131.348857729068,360.5
-3134.5244220953614,361.0
-3134.5244220953614,361.5
-3133.470372822834,362.0
-3132.4170448446166,362.5
-3131.3633011791294,363.0
-3130.3091638494916,363.5
-3129.25465254491,364.0
-3128.1997859518815,364.5
-3127.1445818047905,365.0
-3125.0335320657714,365.5
-3122.92437111714,366.0
-3120.814781971371,366.5
-3118.7047923221385,367.0
-3116.59442351296,367.5
-3114.483695800961,368.0
-3112.3726284032114,368.5
-3110.261239551553,369.0
-3108.1495465445028,369.5
-3106.0375657964046,370.0
-3103.9253128839728,370.5
-3099.700292296756,371.0
-3086.0000941871854,371.5
-3089.1281349011765,372.0
-3074.2615325337365,372.5
-3054.4803595677467,373.0
-3011.0247731841487,373.5
-2939.516462221955,374.0
-2865.3967412799902,374.5
-2796.6011314236666,375.0
-2796.6011314236666,375.5
-2734.1537634746464,376.0
-2711.735771051729,376.5
-2675.248478396255,377.0
-2622.3495811693265,377.5
-2593.9313689608903,378.0
-2553.8068147526915,378.5
-2464.68306617835,379.0
-2513.622175248612,379.5
-2464.832314514657,380.0
-2444.2375238635195,380.5
-2421.055889978487,381.0
-2391.906491070441,381.5
-2352.9553243763426,382.0
-2352.9553243763426,382.5
-2352.9553243763426,383.0
-2352.9553243763426,383.5
-2352.9553243763426,384.0
-2352.9553243763426,384.5
-2352.9553243763426,385.0
-2352.9553243763426,385.5
-2352.9553243763426,386.0
-2352.9553243763426,386.5
-2352.9553243763426,387.0
-2352.9553243763426,387.5
-2352.9553243763426,388.0
-2352.9553243763426,388.5
-2352.9553243763426,389.0
-2352.9553243763426,389.5
-2352.9553243763426,390.0
-2352.9553243763426,390.5
-2352.9553243763426,391.0
-2352.9553243763426,391.5
-2352.9553243763426,392.0
-2352.9553243763426,392.5
-2352.9553243763426,393.0
-2352.9553243763426,393.5
-2352.9553243763426,394.0
-2352.9553243763426,394.5
-2352.9553243763426,395.0
-2352.9553243763426,395.5
-2352.9553243763426,396.0
-2352.9553243763426,396.5
-2352.9553243763426,397.0
-2352.9553243763426,397.5
-2352.9553243763426,398.0
-2352.9553243763426,398.5
-2352.9553243763426,399.0
-2352.9553243763426,399.5
-2352.9553243763426,400.0
-2352.9553243763426,400.5
-2352.9553243763426,401.0
-2352.9553243763426,401.5
-2385.582634039888,402.0
-2476.2488900122867,402.5
-2496.203253226624,403.0
-2539.633780646615,403.5
-2563.0902183918947,404.0
-2607.962609288922,404.5
-2643.9145792955974,405.0
-2641.684847713411,405.5
-2637.4069459724083,406.0
-2618.213014368636,406.5
-2605.6358469104566,407.0
-2596.150228283839,407.5
-2584.5308947300305,408.0
-2572.9496957456145,408.5
-2562.43169501283,409.0
-2551.9116357346606,409.5
-2541.4006658540397,410.0
-2530.8982333683175,410.5
-2520.4039379963438,411.0
-2509.917400624153,411.5
-2499.4382633570967,412.0
-2488.966188238172,412.5
-2472.2216567565674,413.0
-2478.453877157612,413.5
-2476.3250486657917,414.0
-2460.4986644060573,414.5
-2448.0281169810755,415.0
-2427.1863077624807,415.5
-2403.4526903091582,416.0
-2378.793655489256,416.5
-2352.140929083496,417.0
-2352.140929083496,417.5
-2352.140929083496,418.0
-2352.140929083496,418.5
-2352.140929083496,419.0
-2352.140929083496,419.5
-2352.140929083496,420.0
-2352.140929083496,420.5
-2352.140929083496,421.0
-2352.140929083496,421.5
-2352.140929083496,422.0
-2352.140929083496,422.5
-2352.140929083496,423.0
-2352.140929083496,423.5
-2352.140929083496,424.0
-2352.140929083496,424.5
-2352.140929083496,425.0
-2352.140929083496,425.5
-2352.140929083496,426.0
-2352.140929083496,426.5
-2352.140929083496,427.0
-2352.140929083496,427.5
-2352.140929083496,428.0
-2352.140929083496,428.5
-2352.140929083496,429.0
-2352.140929083496,429.5
-2352.140929083496,430.0
-2352.140929083496,430.5
-2352.140929083496,431.0
-2352.140929083496,431.5
-2352.140929083496,432.0
-2352.140929083496,432.5
-2352.140929083496,433.0
-2352.140929083496,433.5
-2352.140929083496,434.0
-2352.140929083496,434.5
-2352.140929083496,435.0
-2352.140929083496,435.5
-2352.140929083496,436.0
-2352.140929083496,436.5
-2352.140929083496,437.0
-2352.140929083496,437.5
-2352.140929083496,438.0
-2352.140929083496,438.5
-2352.140929083496,439.0
-2352.140929083496,439.5
-2352.140929083496,440.0
-2452.655515168347,440.5
-2475.3807513931297,441.0
-2488.5050504629507,441.5
-2520.992021419737,442.0
-2547.5972411565053,442.5
-2564.141413362517,443.0
-2583.788688704133,443.5
-2603.5214859243038,444.0
-2628.7605988809128,444.5
-2645.3428718579084,445.0
-2661.7763129456275,445.5
-2685.8883420667134,446.0
-2650.476739947573,446.5
-2656.684003623592,447.0
-2711.83331500946,447.5
-2753.104622577278,448.0
-2798.340583471069,448.5
-2850.7309946495625,449.0
-2904.8637784070957,449.5
-2951.16516295379,450.0
-2976.459633973994,450.5
-2998.9287176304847,451.0
-3002.2899674257833,451.5
-3002.2899674257833,452.0
-3002.2899674257833,452.5
-3004.4690485479814,453.0
-2996.831106036755,453.5
-2990.3633165925617,454.0
-2983.896492489795,454.5
-2977.4383005886816,455.0
-2970.9882667256093,455.5
-2964.5459964443176,456.0
-2958.1111166219584,456.5
-2958.1111166219584,457.0
-2965.6576732905573,457.5
-2971.092087212536,458.0
-2973.2605379328693,458.5
-2973.2605379328693,459.0
-2972.1836392684727,459.5
-2971.1086126022233,460.0
-2970.034180817167,460.5
-2968.9603176402434,461.0
-2967.8869967898327,461.5
-2966.81419333936,462.0
-2965.7418836398997,462.5
-2964.6700452490213,463.0
-2963.5986568639046,463.5
-2962.5276982584514,464.0
-2961.457150224136,464.5
-2960.386994514359,465.0
-2959.317213792073,465.5
-2958.2477915804848,466.0
-2957.1787122166306,466.5
-2956.109960807648,467.0
-2955.041523189577,467.5
-2953.973385888537,468.0
-2952.905536084122,468.5
-2951.837961574892,469.0
-2950.7706507458215,469.5
-2949.7035925375944,470.0
-2948.636776417625,470.5
-2947.570192352708,471.0
-2946.5038307832006,471.5
-2945.4376825986365,472.0
-2944.3717391146956,472.5
-2943.3059920514465,473.0
-2942.240433512785,473.5
-2941.1750559669986,474.0
-2940.1098522283946,474.5
-2933.71963149758,475.0
-2942.186585765559,475.5
-2903.444281705424,476.0
-2864.6662765221718,476.5
-2788.3317686281453,477.0
-2748.3559809105254,477.5
-2736.2444952183932,478.0
-2669.7822977304722,478.5
-2647.2745916891204,479.0
-2605.361149818508,479.5
-2570.357037172141,480.0
-2539.183890256639,480.5
-2504.903378033453,481.0
-2504.903378033453,481.5
-2514.269211147518,482.0
-2481.63960018747,482.5
-2455.4739986129775,483.0
-2434.219611713475,483.5
-2409.8197635061506,484.0
-2384.5030325599287,484.5
-2371.3605005812155,485.0
-2371.3605005812155,485.5
-2371.3605005812155,486.0
-2371.3605005812155,486.5
-2371.3605005812155,487.0
-2371.3605005812155,487.5
-2371.3605005812155,488.0
-2371.3605005812155,488.5
-2371.3605005812155,489.0
-2371.3605005812155,489.5
-2371.3605005812155,490.0
-2371.3605005812155,490.5
-2371.3605005812155,491.0
-2371.3605005812155,491.5
-2371.3605005812155,492.0
-2371.3605005812155,492.5
-2371.3605005812155,493.0
-2371.3605005812155,493.5
-2371.3605005812155,494.0
-2371.3605005812155,494.5
-2371.3605005812155,495.0
-2371.3605005812155,495.5
-2371.3605005812155,496.0
-2371.3605005812155,496.5
-2371.3605005812155,497.0
-2371.3605005812155,497.5
-2371.3605005812155,498.0
-2371.3605005812155,498.5
-2371.3605005812155,499.0
-2371.3605005812155,499.5
-2371.3605005812155,500.0
-2371.3605005812155,500.5
-2371.3605005812155,501.0
-2371.3605005812155,501.5
-2371.3605005812155,502.0
-2371.3605005812155,502.5
-2371.3605005812155,503.0
-2371.3605005812155,503.5
-2371.3605005812155,504.0
-2371.3605005812155,504.5
-2371.3605005812155,505.0
-2371.3605005812155,505.5
-2371.3605005812155,506.0
-2371.3605005812155,506.5
-2371.3605005812155,507.0
-2371.3605005812155,507.5
-2371.3605005812155,508.0
-2473.817137175841,508.5
-2498.9790280704233,509.0
-2513.220290538163,509.5
-2545.7140208773344,510.0
-2572.297553992129,510.5
-2588.827717054535,511.0
-2609.548412121144,511.5
-2631.4843230168785,512.0
-2658.9714983780223,512.5
-2675.5911343548883,513.0
-2689.8294524722714,513.5
-2706.2218687590967,514.0
-2722.6630050315875,514.5
-2722.6630050315875,515.0
-2743.113360814956,515.5
-2757.438281581321,516.0
-2776.050573145585,516.5
-2793.6643342834827,517.0
-2810.16878781307,517.5
-2826.6611285066897,518.0
-2839.8613024412252,518.5
-2851.9199277462735,519.0
-2865.060028259208,519.5
-2878.2189618894836,520.0
-2891.3811513481332,520.5
-2904.546332389538,521.0
-2904.546332389538,521.5
-2959.659782211659,522.0
-3021.997845391046,522.5
-3078.096889037325,523.0
-3118.8289749284495,523.5
-3154.33140353777,524.0
-3189.671909931297,524.5
-3220.4895896786043,525.0
-3250.0422866953854,525.5
-3279.578288513584,526.0
-3309.138850228362,526.5
-3338.7246976430483,527.0
-3367.1963519531837,527.5
-3394.5135086598407,528.0
-3419.5361238756764,528.5
-3443.368771985346,529.0
-3464.9090659029735,529.5
-3484.134476479343,530.0
-3502.1809429857503,530.5
-3520.2010972180983,531.0
-3538.2184433883817,531.5
-3557.359652720987,532.0
-3576.5246857242255,532.5
-3591.180661528141,533.0
-3592.3020059148744,533.5
-3592.3020059148744,534.0
-3576.8969817885045,534.5
-3576.8969817885045,535.0
-3574.704429040239,535.5
-3573.612191210856,536.0
-3573.612191210856,536.5
-3577.9819027874314,537.0
-3584.5633591367286,537.5
-3591.1577455529464,538.0
-3598.848064399794,538.5
-3607.6447407377095,539.0
-3616.4501840329012,539.5
-3625.253964970449,540.0
-3634.05608866143,540.5
-3643.9567264025645,541.0
-3653.868486478059,541.5
-3663.7796663392583,542.0
-3673.6902033207252,542.5
-3682.4990519160033,543.0
-3691.296069963876,543.5
-3700.0918305724163,544.0
-3708.8865126856986,544.5
-3713.283352212926,545.0
-3697.9749813646545,545.5
-3677.674841660695,546.0
-3618.290242783773,546.5
-3563.5629203406374,547.0
-3510.8316385092935,547.5
-3460.2195638016337,548.0
-3410.6870833298335,548.5
-3363.2793973334174,549.0
-3316.9190461471394,549.5
-3271.6438741586658,550.0
-3227.439863355284,550.5
-3180.2831523257123,551.0
-3180.2831523257123,551.5
-3131.057025519127,552.0
-3128.0742027475985,552.5
-3117.6529874585367,553.0
-3126.962539205329,553.5
-3123.790911098192,554.0
-3132.145081812308,554.5
-3139.5528014783663,555.0
-3144.8454455848005,555.5
-3145.902746864139,556.0
-3145.902746864139,556.5
-3144.84991778039,557.0
-3143.797744049419,557.5
-3142.745100249489,558.0
-3141.6920109091398,558.5
-3140.638498119796,559.0
-3138.530667589831,559.5
-3136.424546587217,560.0
-3134.317849072058,560.5
-3132.210609811046,561.0
-3130.1028569552245,561.5
-3127.9946172273976,562.0
-3125.885915986094,562.5
-3123.776777296876,563.0
-3121.667223999908,563.5
-3119.5572777740012,564.0
-3117.4469591973066,564.5
-3115.3362878048233,565.0
-3113.2252821428892,565.5
-3110.05829865976,566.0
-3096.3490356135367,566.5
-3095.306766355932,567.0
-3078.403672306101,567.5
-3056.603148921371,568.0
-3011.2113602998006,568.5
-2937.8913388261903,569.0
-2862.0110733016854,569.5
-2792.4181502365004,570.0
-2792.4181502365004,570.5
-2730.039843665053,571.0
-2702.7655628139833,571.5
-2664.482230769676,572.0
-2609.747053639731,572.5
-2580.4331634885734,573.0
-2580.4331634885734,573.5
-2545.3453092828295,574.0
-2547.336380710606,574.5
-2494.5828593548445,575.0
-2471.1146085059563,575.5
-2441.9445340640104,576.0
-2415.9539669715937,576.5
-2387.887727013162,577.0
-2387.887727013162,577.5
-2387.887727013162,578.0
-2387.887727013162,578.5
-2387.887727013162,579.0
-2387.887727013162,579.5
-2387.887727013162,580.0
-2387.887727013162,580.5
-2387.887727013162,581.0
-2387.887727013162,581.5
-2387.887727013162,582.0
-2387.887727013162,582.5
-2387.887727013162,583.0
-2387.887727013162,583.5
-2387.887727013162,584.0
-2387.887727013162,584.5
-2387.887727013162,585.0
-2387.887727013162,585.5
-2387.887727013162,586.0
-2387.887727013162,586.5
-2387.887727013162,587.0
-2387.887727013162,587.5
-2387.887727013162,588.0
-2387.887727013162,588.5
-2387.887727013162,589.0
-2387.887727013162,589.5
-2387.887727013162,590.0
-2387.887727013162,590.5
-2387.887727013162,591.0
-2387.887727013162,591.5
-2387.887727013162,592.0
-2387.887727013162,592.5
-2387.887727013162,593.0
-2387.887727013162,593.5
-2387.887727013162,594.0
-2387.887727013162,594.5
-2387.887727013162,595.0
-2387.887727013162,595.5
-2387.887727013162,596.0
-2387.887727013162,596.5
-2431.060397668586,597.0
-2516.2701732919804,597.5
-2543.1311172361734,598.0
-2586.9480108571224,598.5
-2611.5702520816067,599.0
-2657.663340656652,599.5
-2692.5977358262335,600.0
-2704.8661198821906,600.5
-2699.423422475943,601.0
-2681.280045939078,601.5
-2668.6640892573964,602.0
-2658.1043564882843,602.5
-2646.4768597197067,603.0
-2634.875574989567,603.5
-2623.2866091846317,604.0
-2611.709517348434,604.5
-2600.1437268934314,605.0
-2588.588699385741,605.5
-2577.0439266253497,606.0
-2565.5089288509225,606.5
-2553.9832530374333,607.0
-2542.4664713028883,607.5
-2525.7271376497647,608.0
-2527.8060625544044,608.5
-2521.4441678532644,609.0
-2504.633991365333,609.5
-2490.098599207287,610.0
-2467.222407447554,610.5
-2441.4836236852825,611.0
-2415.8577082637344,611.5
-2395.38312815035,612.0
-2395.38312815035,612.5
-2395.38312815035,613.0
-2395.38312815035,613.5
-2395.38312815035,614.0
-2395.38312815035,614.5
-2395.38312815035,615.0
-2395.38312815035,615.5
-2395.38312815035,616.0
-2395.38312815035,616.5
-2395.38312815035,617.0
-2395.38312815035,617.5
-2395.38312815035,618.0
-2395.38312815035,618.5
-2395.38312815035,619.0
-2395.38312815035,619.5
-2395.38312815035,620.0
-2395.38312815035,620.5
-2395.38312815035,621.0
-2395.38312815035,621.5
-2395.38312815035,622.0
-2395.38312815035,622.5
-2395.38312815035,623.0
-2395.38312815035,623.5
-2395.38312815035,624.0
-2395.38312815035,624.5
-2395.38312815035,625.0
-2395.38312815035,625.5
-2395.38312815035,626.0
-2395.38312815035,626.5
-2395.38312815035,627.0
-2395.38312815035,627.5
-2395.38312815035,628.0
-2395.38312815035,628.5
-2395.38312815035,629.0
-2395.38312815035,629.5
-2395.38312815035,630.0
-2395.38312815035,630.5
-2395.38312815035,631.0
-2395.38312815035,631.5
-2395.38312815035,632.0
-2395.38312815035,632.5
-2395.38312815035,633.0
-2395.38312815035,633.5
-2395.38312815035,634.0
-2395.38312815035,634.5
-2396.4414446746764,635.0
-2499.228687438035,635.5
-2525.6406052460634,636.0
-2527.8389205761996,636.5
-2562.0845291116984,637.0
-2588.7494964084317,637.5
-2605.29920403695,638.0
-2626.043379250065,638.5
-2646.9050991359545,639.0
-2676.5837682760516,639.5
-2694.373603064185,640.0
-2711.940609570507,640.5
-2739.3996452138285,641.0
-2708.262405846035,641.5
-2708.262405846035,642.0
-2767.3883100907055,642.5
-2813.517802367455,643.0
-2859.077889746354,643.5
-2912.711366202466,644.0
-2968.167243847051,644.5
-3016.942445441471,645.0
-3042.3560465565156,645.5
-3065.993328932153,646.0
-3073.8605758210874,646.5
-3073.8605758210874,647.0
-3111.0188983098114,647.5
-3104.174910153381,648.0
-3097.6669030067446,648.5
-3091.1671526982695,649.0
-3084.677425689197,649.5
-3078.1972111235104,650.0
-3071.726041859926,650.5
-3065.26347657049,651.0
-3058.8090982837143,651.5
-3052.3625129177267,652.0
-3060.9480662606843,652.5
-3067.492131811453,653.0
-3070.756427587855,653.5
-3070.756427587855,654.0
-3069.6770579048293,654.5
-3068.5996479582573,655.0
-3067.5229112815955,655.5
-3066.4468177793,656.0
-3064.2958572956445,656.5
-3062.148713551092,657.0
-3060.0028374775134,657.5
-3057.8581767665187,658.0
-3055.714676338151,658.5
-3053.5722839297136,659.0
-3051.4309499276255,659.5
-3049.2906272217906,660.0
-3047.15127106858,660.5
-3045.0128389619103,661.0
-3042.875290511895,661.5
-3040.738587330593,662.0
-3038.602692924405,662.5
-3036.467572592699,663.0
-3034.333193332281,663.5
-3032.1995237473443,664.0
-3030.066533964559,664.5
-3027.9341955529917,665.0
-3025.8024814485543,665.5
-3023.67136588271,666.0
-3021.540824315178,666.5
-3019.4108333704066,667.0
-3017.2813707775986,667.5
-3015.152415313999,668.0
-3013.023946751344,668.5
-3010.8959458052514,669.0
-3008.768394087381,669.5
-3003.450594019427,670.0
-3009.8073703586824,670.5
-2974.3852217774634,671.0
-2933.421560360392,671.5
-2856.247940334715,672.0
-2803.641599431336,672.5
-2719.019519396378,673.0
-2674.8625790748715,673.5
-2656.9146454334928,674.0
-2608.80812215822,674.5
-2588.00638564229,675.0
-2544.2460440651566,675.5
-2523.4026414304617,676.0
-2523.4026414304617,676.5
-2552.474277220263,677.0
-2543.8837365321942,677.5
-2524.267823393621,678.0
-2498.759933431509,678.5
-2472.4127119046443,679.0
-2447.122550062931,679.5
-2428.9082725264525,680.0
-2428.9082725264525,680.5
-2428.9082725264525,681.0
-2428.9082725264525,681.5
-2428.9082725264525,682.0
-2428.9082725264525,682.5
-2428.9082725264525,683.0
-2428.9082725264525,683.5
-2428.9082725264525,684.0
-2428.9082725264525,684.5
-2428.9082725264525,685.0
-2428.9082725264525,685.5
-2428.9082725264525,686.0
-2428.9082725264525,686.5
-2428.9082725264525,687.0
-2428.9082725264525,687.5
-2428.9082725264525,688.0
-2428.9082725264525,688.5
-2428.9082725264525,689.0
-2428.9082725264525,689.5
-2428.9082725264525,690.0
-2428.9082725264525,690.5
-2428.9082725264525,691.0
-2428.9082725264525,691.5
-2428.9082725264525,692.0
-2428.9082725264525,692.5
-2428.9082725264525,693.0
-2428.9082725264525,693.5
-2428.9082725264525,694.0
-2428.9082725264525,694.5
-2428.9082725264525,695.0
-2428.9082725264525,695.5
-2428.9082725264525,696.0
-2428.9082725264525,696.5
-2428.9082725264525,697.0
-2428.9082725264525,697.5
-2428.9082725264525,698.0
-2428.9082725264525,698.5
-2428.9082725264525,699.0
-2428.9082725264525,699.5
-2428.9082725264525,700.0
-2428.9082725264525,700.5
-2428.9082725264525,701.0
-2428.9082725264525,701.5
-2428.9082725264525,702.0
-2428.9082725264525,702.5
-2428.9082725264525,703.0
-2529.291312682858,703.5
-2549.5993857888006,704.0
-2549.5993857888006,704.5
-2580.4926062864492,705.0
-2605.889378107517,705.5
-2622.3763469980127,706.0
-2641.9826853102,706.5
-2661.676790340839,707.0
-2687.964257559738,707.5
-2704.538809584835,708.0
-2719.852607001528,708.5
-2737.339639650217,709.0
-2753.7848881197897,709.5
-2751.593378962517,710.0
-2770.903394204232,710.5
-2786.294045241225,711.0
-2804.911328633659,711.5
-2822.5095385856234,712.0
-2838.9998617828774,712.5
-2855.478901222571,713.0
-2868.668970247669,713.5
-2880.7190786019064,714.0
-2893.8504770812174,714.5
-2907.001076554062,715.0
-2883.981064171396,715.5
-2883.981064171396,716.0
-2949.6906900378444,716.5
-3003.3125272512134,717.0
-3043.6634953175385,717.5
-3075.519409758124,718.0
-3107.11250234685,718.5
-3138.7386590853594,719.0
-3171.53821250761,719.5
-3201.0236482983655,720.0
-3229.2981872631644,720.5
-3258.69056100676,721.0
-3288.149054943339,721.5
-3317.6379100782906,722.0
-3346.019871546395,722.5
-3372.1197871772965,723.0
-3397.035906466093,723.5
-3420.7997864258095,724.0
-3442.281285814578,724.5
-3461.456621024716,725.0
-3479.4582334770234,725.5
-3497.4355251694824,726.0
-3515.4117308098052,726.5
-3534.5109707215324,727.0
-3553.635527849211,727.5
-3568.2617608065502,728.0
-3569.380943070858,728.5
-3569.380943070858,729.0
-3611.123060306776,729.5
-3613.429287816421,730.0
-3610.1228134071725,730.5
-3609.029023072418,731.0
-3609.029023072418,731.5
-3613.4092215999262,732.0
-3618.906429353957,732.5
-3625.5069520497327,733.0
-3633.212876891507,733.5
-3640.925010894033,734.0
-3649.7356073169326,734.5
-3658.554371685282,735.0
-3667.3709583741324,735.5
-3676.1853982345556,736.0
-3684.9978157041255,736.5
-3693.808330172967,737.0
-3702.617055341664,737.5
-3711.424099504788,738.0
-3720.229565827191,738.5
-3729.03355260507,739.0
-3737.8361535126296,739.5
-3741.1366426335967,740.0
-3723.64913887807,740.5
-3701.250940921608,741.0
-3639.85598058736,741.5
-3583.1978647801275,742.0
-3528.5344736658603,742.5
-3475.9968226882297,743.0
-3425.5541269242663,743.5
-3376.1795867451233,744.0
-3327.9094705031885,744.5
-3280.7276384026477,745.0
-3234.621773512234,745.5
-3184.575939516432,746.0
-3184.575939516432,746.5
-3137.4846119158406,747.0
-3130.5132122687423,747.5
-3117.032467335461,748.0
-3126.3037761856735,748.5
-3118.9115881579514,749.0
-3127.2193413471527,749.5
-3134.6172466695803,750.0
-3139.9033801752057,750.5
-3142.0155179582202,751.0
-3142.0155179582202,751.5
-3140.9637038813444,752.0
-3139.9124941014143,752.5
-3138.8607730321887,753.0
-3137.808567123428,753.5
-3136.7559003087226,754.0
-3134.64969031818,754.5
-3132.545107160607,755.0
-3130.4398823027186,755.5
-3128.3340535038915,756.0
-3126.2276518159247,756.5
-3124.120706719517,757.0
-3122.0132461955636,757.5
-3119.9052968032674,758.0
-3117.796883754183,758.5
-3115.6880309824173,759.0
-3113.578761211178,759.5
-3111.469096015847,760.0
-3109.3590558837586,760.5
-3105.138264657932,761.0
-3088.2922420690766,761.5
-3087.2540214136557,762.0
-3068.2508298351577,762.5
-3044.4429738333033,763.0
-2998.1523189958416,763.5
-2923.9475422046444,764.0
-2846.234488347722,764.5
-2774.879852274941,765.0
-2774.879852274941,765.5
-2715.681574818457,766.0
-2695.172626488434,766.5
-2649.539075322942,767.0
-2605.1000518848823,767.5
-2564.630720406205,768.0
-2564.630720406205,768.5
-2516.1627450706324,769.0
-2547.5674257574096,769.5
-2547.5674257574096,770.0
-2520.6841364381066,770.5
-2494.526717472876,771.0
-2466.3534909791633,771.5
-2437.251666897537,772.0
-2437.251666897537,772.5
-2437.251666897537,773.0
-2437.251666897537,773.5
-2437.251666897537,774.0
-2437.251666897537,774.5
-2437.251666897537,775.0
-2437.251666897537,775.5
-2437.251666897537,776.0
-2437.251666897537,776.5
-2437.251666897537,777.0
-2437.251666897537,777.5
-2437.251666897537,778.0
-2437.251666897537,778.5
-2437.251666897537,779.0
-2437.251666897537,779.5
-2437.251666897537,780.0
-2437.251666897537,780.5
-2437.251666897537,781.0
-2437.251666897537,781.5
-2437.251666897537,782.0
-2437.251666897537,782.5
-2437.251666897537,783.0
-2437.251666897537,783.5
-2437.251666897537,784.0
-2437.251666897537,784.5
-2437.251666897537,785.0
-2437.251666897537,785.5
-2437.251666897537,786.0
-2437.251666897537,786.5
-2437.251666897537,787.0
-2437.251666897537,787.5
-2437.251666897537,788.0
-2437.251666897537,788.5
-2437.251666897537,789.0
-2437.251666897537,789.5
-2437.251666897537,790.0
-2437.251666897537,790.5
-2437.251666897537,791.0
-2437.251666897537,791.5
-2437.251666897537,792.0
-2437.251666897537,792.5
-2437.251666897537,793.0
-2437.251666897537,793.5
-2437.251666897537,794.0
-2437.251666897537,794.5
-2437.251666897537,795.0
-2437.251666897537,795.5
-2437.251666897537,796.0
-2437.251666897537,796.5
-2437.251666897537,797.0
-2437.251666897537,797.5
-2437.251666897537,798.0
-2437.251666897537,798.5
-2437.251666897537,799.0
-2437.251666897537,799.5
-2437.251666897537,800.0
-2437.251666897537,800.5
-2437.251666897537,801.0
-2541.8882382134875,801.5
-2577.8623680015135,802.0
-2583.4103455583727,802.5
-2620.987054773608,803.0
-2648.8457676413286,803.5
-2665.4090376592194,804.0
-2685.0557557894235,804.5
-2708.0752174041595,805.0
-2747.728063231529,805.5
-2769.0943374633466,806.0
-2785.6391794159053,806.5
-2803.203423739135,807.0
-2821.8970132069708,807.5
-2821.8970132069708,808.0
-2842.3950700001083,808.5
-2855.642376011623,809.0
-2875.361379274807,809.5
-2894.130385500222,810.0
-2913.9951415306696,810.5
-2939.4258770348697,811.0
-2958.3586222148447,811.5
-2971.634944254176,812.0
-2985.9306243576125,812.5
-3000.2451565302267,813.0
-2969.406909807356,813.5
-2969.406909807356,814.0
-3036.3840702955276,814.5
-3092.506311944636,815.0
-3133.049388175112,815.5
-3166.118224887527,816.0
-3197.8245322580374,816.5
-3230.654403965846,817.0
-3261.298191659516,817.5
-3285.100043283188,818.0
-3307.6090112706174,818.5
-3330.0953424918594,819.0
-3353.715106842573,819.5
-3377.376019929443,820.0
-3401.04940499809,820.5
-3423.60642864929,821.0
-3446.1441261186337,821.5
-3467.5623329440364,822.0
-3488.9599911946275,822.5
-3509.2364551513315,823.0
-3528.3662821228854,823.5
-3546.3498144457776,824.0
-3563.188318472332,824.5
-3580.0044847695103,825.0
-3596.8191461418082,825.5
-3612.5119424562185,826.0
-3627.0640542151186,826.5
-3640.477280807797,827.0
-3653.8701228046602,827.5
-3663.9118793795164,828.0
-3663.9118793795164,828.5
-3716.6071723654486,829.0
-3732.944781563825,829.5
-3746.3913153859603,830.0
-3756.441888000938,830.5
-3769.7865893781563,831.0
-3787.6390072176473,831.5
-3804.4602784365247,832.0
-3820.14347521963,832.5
-3836.9256926623666,833.0
-3853.7291500670403,833.5
-3871.6545805870537,834.0
-3889.604912047788,834.5
-3907.558730886207,835.0
-3926.637907872125,835.5
-3946.8693621651555,836.0
-3972.7620953820556,836.5
-4006.7724666265594,837.0
-4043.4295736320137,837.5
-4071.04796716606,838.0
-4090.4320785279624,838.5
-4107.384018071441,839.0
-4123.162892333119,839.5
-4119.786527753088,840.0
-4119.786527753088,840.5
-4131.920691509707,841.0
-4140.858481944957,841.5
-4153.099142721385,842.0
-4164.264060332181,842.5
-4170.953201092674,843.0
-4177.605892252518,843.5
-4184.254176504307,844.0
-4190.898500009993,844.5
-4197.539073022677,845.0
-4204.176093839281,845.5
-4210.809750936813,846.0
-4217.44022349927,846.5
-4224.067681904044,847.0
-4230.692288180786,847.5
-4237.314196444527,848.0
-4243.933553304613,848.5
-4250.550498250949,849.0
-4257.165164018907,849.5
-4263.777676934202,850.0
-4270.38815723892,850.5
-4276.996719399822,851.0
-4283.603472399965,851.5
-4290.2085200146275,852.0
-4296.811961072451,852.5
-4303.413889702643,853.0
-4310.014395569064,853.5
-4316.613564091931,854.0
-4323.211476657858,854.5
-4329.808210818877,855.0
-4336.403840481082,855.5
-4341.899336816387,856.0
-4347.387058163674,856.5
-4352.873508451007,857.0
-4358.3587961438925,857.5
-4363.842988778271,858.0
-4369.32615048672,858.5
-4374.808342375116,859.0
-4380.289622672743,859.5
-4385.770046873378,860.0
-4391.249667869086,860.5
-4396.72853607711,861.0
-4402.206699560257,861.5
-4407.68420414112,862.0
-4413.161093510478,862.5
-4418.6374093301965,863.0
-4424.11319133091,863.5
-4429.588477404782,864.0
-4435.063303693595,864.5
-4440.537704672431,865.0
-4446.011713229157,865.5
-4451.4853607399655,866.0
-4456.958677141145,866.5
-4462.43169099731,867.0
-4467.904429566252,867.5
-4473.376918860591,868.0
-4478.849183706415,868.5
-4484.321247799027,869.0
-4489.793133755982,869.5
-4495.264863167527,870.0
-4500.736456644603,870.5
-4506.207933864502,871.0
-4511.679313614328,871.5
-4517.150613832356,872.0
-4522.621851647397,872.5
-4528.093043416277,873.0
-4533.564204759513,873.5
-4539.035350595286,874.0
-4544.506495171795,874.5
-4549.977652098068,875.0
-4555.448834373305,875.5
-4560.920054414837,876.0
-4566.391324084758,876.5
-4571.862654715295,877.0
-4577.334057132993,877.5
-4582.805541681749,878.0
-4588.277118244774,878.5
-4593.748796265525,879.0
-4599.2205847676505,879.5
-4604.692492374013,880.0
-4610.164527324821,880.5
-4615.636697494919,881.0
-4621.109010410269,881.5
-4626.581473263677,882.0
-4632.054092929786,882.5
-4637.526875979374,883.0
-4642.9998286929995,883.5
-4648.472957074011,884.0
-4653.946266860963,884.5
-4659.41976353946,885.0
-4664.89345235346,885.5
-4670.367338316057,886.0
-4675.841426219771,886.5
-4681.315720646376,887.0
-4686.790225976267,887.5
-4691.170002313183,888.0
-4695.544271793845,888.5
-4699.918307251457,889.0
-4704.292152584109,889.5
-4708.665825623211,890.0
-4713.039343246941,890.5
-4713.039343246941,891.0
-4695.636714811631,891.5
-4626.388883817062,892.0
-4541.10142111684,892.5
-4501.850367063938,893.0
-4416.739176181779,893.5
-4326.205496646802,894.0
-4235.684096501104,894.5
-4145.62973843482,895.0
-4056.927533037688,895.5
-3969.465199410961,896.0
-3884.1541043182124,896.5
-3800.878017261513,897.0
-3790.483683235889,897.5
-3699.2961688861874,898.0
-3645.0076185602693,898.5
-3606.339589604245,899.0
-3556.3415328277656,899.5
-3534.0519526655567,900.0
-3518.131939279965,900.5
-3529.1549195939324,901.0
-3539.4667573176916,901.5
-3549.80045382164,902.0
-3559.125980412378,902.5
-3568.4656772401436,903.0
-3577.8278305882804,903.5
-3587.211616195823,904.0
-3596.6161636427746,904.5
-3606.040637223462,905.0
-3615.484235494921,905.5
-3623.894861798733,906.0
-3632.3117924919807,906.5
-3640.7429997808144,907.0
-3649.187974239782,907.5
-3657.646160697159,908.0
-3666.1170270436596,908.5
-3674.600063860898,909.0
-3683.0947835021407,909.5
-3691.6007191961653,910.0
-3700.1174241796743,910.5
-3708.644470858711,911.0
-3716.1143276066796,911.5
-3723.5839285347633,912.0
-3731.060874936719,912.5
-3738.544933234936,913.0
-3748.1760781675293,913.5
-3757.8381081040734,914.0
-3767.510053200251,914.5
-3777.1913410490865,915.0
-3786.881614306527,915.5
-3796.580532699843,916.0
-3806.287770437714,916.5
-3816.0030155631084,917.0
-3825.7259693516485,917.5
-3835.456345735905,918.0
-3844.1119235302303,918.5
-3852.763278744167,919.0
-3861.4197164329744,919.5
-3870.0811336021657,920.0
-3878.747351550343,920.5
-3887.418198392622,921.0
-3896.093509468416,921.5
-3904.773127033335,922.0
-3913.4568999586795,922.5
-3922.144683444357,923.0
-3930.83633874469,923.5
-3939.531732906529,924.0
-3948.2307385191243,924.5
-3956.9332334752157,925.0
-3965.6391007428447,925.5
-3974.3482281473866,926.0
-3983.0605081633425,926.5
-3991.7758377154432,927.0
-4000.494117988635,927.5
-4008.1251122143003,928.0
-4015.749154970264,928.5
-4023.374820466183,929.0
-4031.002129875366,929.5
-4038.631037956722,930.0
-4046.2616140019372,930.5
-4053.8938321200026,931.0
-4061.5276501590824,931.5
-4069.1630275842203,932.0
-4076.79992554677,932.5
-4084.4383068142547,933.0
-4092.0781357021315,933.5
-4099.719378008463,934.0
-4107.362000951385,934.5
-4115.005973109248,935.0
-4122.651264363311,935.5
-4130.297845842894,936.0
-4137.945689872859,936.5
-4145.594769923343,937.0
-4153.245060561635,937.5
-4160.896537406101,938.0
-4167.455942842647,938.5
-4174.008114073897,939.0
-4180.560615060076,939.5
-4187.113503737845,940.0
-4193.66678542113,940.5
-4200.220464725109,941.0
-4206.77454594858,941.5
-4213.329033095954,942.0
-4219.883929895581,942.5
-4226.439239816968,943.0
-4232.994966086977,943.5
-4239.551111705041,944.0
-4246.107679457483,944.5
-4252.664671930967,945.0
-4259.222091525151,945.5
-4265.7799404645675,946.0
-4272.3382208098,946.5
-4278.896934467977,947.0
-4285.456083202639,947.5
-4292.015668643001,948.0
-4298.575692292659,948.5
-4305.136155537765,949.0
-4311.697059654703,949.5
-4318.258405817297,950.0
-4324.820195103584,950.5
-4330.288722935733,951.0
-4335.750682183086,951.5
-4341.212494774958,952.0
-4346.674218349699,952.5
-4352.135872113092,953.0
-4357.597474121298,953.5
-4363.059041546671,954.0
-4368.520590723207,954.5
-4373.982137188419,955.0
-4379.443695723074,955.5
-4384.905280388875,956.0
-4390.366904564225,956.5
-4395.828580978154,957.0
-4401.290321742524,957.5
-4406.752138382586,958.0
-4412.214041865992,958.5
-4417.676042630321,959.0
-4423.138150609224,959.5
-4428.600375257238,960.0
-4434.062725573347,960.5
-4439.525210123358,961.0
-4444.987837061147,961.5
-4450.4506141488355,962.0
-4455.913548775959,962.5
-4461.376647977668,963.0
-4466.839918452024,963.5
-4472.303366576429,964.0
-4477.766998423229,964.5
-4483.23081977455,965.0
-4488.694836136387,965.5
-4494.159052751997,966.0
-4499.6234746146265,966.5
-4505.0881064796085,967.0
-4510.552952875859,967.5
-4517.1110311649945,968.0
-4526.96125126095,968.5
-4547.840068910605,969.0
-4557.865158583572,969.5
-4567.773412136242,970.0
-4576.5825235807115,970.5
-4585.382941250681,971.0
-4593.084933484631,971.5
-4600.778523620732,972.0
-4608.472966830941,972.5
-4616.1683276349495,973.0
-4623.86459307853,973.5
-4630.462156286468,974.0
-4637.051842144118,974.5
-4644.739917915887,975.0
-4652.438252279415,975.5
-4660.137566020226,976.0
-4667.8377671948965,976.5
-4674.4386891555805,977.0
-4681.031688750967,977.5
-4687.624766476752,978.0
-4693.119123829391,978.5
-4698.6064197,979.0
-4699.703802567835,979.5
-4699.703802567835,980.0
-4699.703802567835,980.5
-4682.276025349657,981.0
-4682.276025349657,981.5
-4687.709959225705,982.0
-4696.4575081275025,982.5
-4697.5553998369,983.0
-4701.908680826758,983.5
-4706.277715085016,984.0
-4710.646884243697,984.5
-4715.016118605607,985.0
-4719.385423511131,985.5
-4723.754804410479,986.0
-4728.124266512132,986.5
-4732.4938147921175,987.0
-4736.863454004519,987.5
-4741.233188691505,988.0
-4745.603023192902,988.5
-4749.972961655313,989.0
-4754.343008040831,989.5
-4758.713166135337,990.0
-4763.08343955643,990.5
-4767.453831760979,991.0
-4771.82434605234,991.5
-4776.19498558724,992.0
-4780.565753382338,992.5
-4784.936652320499,993.0
-4789.307685156773,993.5
-4793.678854524103,994.0
-4798.050162938779,994.5
-4802.421612805632,995.0
-4806.793206423008,995.5
-4811.164945987501,996.0
-4815.536833598483,996.5
-4819.908871262424,997.0
-4824.281060897018,997.5
-4828.6534043351185,998.0
-4833.025903328506,998.5
-4837.398559551475,999.0
-4841.77137460427,999.5
-4846.144350016357,1000.0
-4850.517487249554,1000.5
-4854.890787701021,1001.0
-4859.264252706114,1001.5
-4863.637883541115,1002.0
-4868.011681425832,1002.5
-4872.38564752609,1003.0
-4876.759782956111,1003.5
-4881.134088780783,1004.0
-4885.508566017829,1004.5
-4889.883215639886,1005.0
-4894.25803857648,1005.5
-4898.633035715926,1006.0
-4903.008207907131,1006.5
-4907.383555961328,1007.0
-4911.759080653726,1007.5
-4916.134782725092,1008.0
-4920.510662883256,1008.5
-4924.886721804558,1009.0
-4929.262960135225,1009.5
-4933.639378492688,1010.0
-4938.015977466845,1010.5
-4942.392757621263,1011.0
-4946.769719494331,1011.5
-4951.14686360036,1012.0
-4955.524190430635,1012.5
-4959.90170045442,1013.0
-4964.279394119924,1013.5
-4968.657271855216,1014.0
-4973.035334069107,1014.5
-4974.129895839828,1015.0
-4975.220129575261,1015.5
-4976.310115240123,1016.0
-4977.399869824142,1016.5
-4978.48940472331,1017.0
-4979.57873078143,1017.5
-4980.667858323255,1018.0
-4981.756797180063,1018.5
-4982.8455567139,1019.0
-4983.934145840601,1019.5
-4985.022573051622,1020.0
-4986.110846434779,1020.5
-4987.198973693922,1021.0
-4988.286962167627,1021.5
-4989.37481884694,1022.0
-4990.462550392229,1022.5
-4991.550163149197,1023.0
-4992.6376631640915,1023.5
-4993.725056198154,1024.0
-4994.812347741351,1024.5
-4995.899543025428,1025.0
-4996.9866470363095,1025.5
-4998.073664525892,1026.0
-4999.160600023254,1026.5
-5000.247457845313,1027.0
-5001.334242106957,1027.5
-5002.420956730687,1028.0
-5003.507605455777,1028.5
-5004.594191846993,1029.0
-5005.680719302892,1029.5
-5006.7671910637,1030.0
-5007.853610218827,1030.5
-5012.199088199532,1031.0
-5020.924549436396,1031.5
-5036.280378548159,1032.0
-5042.919779867767,1032.5
-5048.398903596958,1033.0
-5053.871998504432,1033.5
-5059.3463007745695,1034.0
-5064.8218128307635,1034.5
-5070.298493477712,1035.0
-5075.776303138073,1035.5
-5081.255204050856,1036.0
-5086.735160189649,1036.5
-5092.216137182845,1037.0
-5097.698102237511,1037.5
-5103.181024066719,1038.0
-5108.664872820211,1038.5
-5114.149620018229,1039.0
-5119.635238488389,1039.5
-5125.121702305441,1040.0
-5130.6089867338005,1040.5
-5136.09706817272,1041.0
-5141.585924103986,1041.5
-5147.07553304202,1042.0
-5152.565874486279,1042.5
-5158.056928875855,1043.0
-5162.450327812099,1043.5
-5166.83825914724,1044.0
-5167.935267120764,1044.5
-5167.935267120764,1045.0
-5167.935267120764,1045.5
-5167.935267120764,1046.0
-5166.845116080089,1046.5
-5165.756745548902,1047.0
-5164.668763694247,1047.5
-5162.49354490131,1048.0
-5160.321959048096,1048.5
-5158.1512317622555,1049.0
-5154.896380595213,1049.5
-5151.647068882356,1050.0
-5147.316511618816,1050.5
-5142.99352348913,1051.0
-5140.833057467894,1051.5
-5137.58521049062,1052.0
-5134.342596576417,1052.5
-5131.1010842941905,1053.0
-5126.780493061264,1053.5
-5122.467012436632,1054.0
-5118.155176948188,1054.5
-5114.92250109268,1055.0
-5111.6866809825015,1055.5
-5108.45170382454,1056.0
-5105.21752053011,1056.5
-5103.061905952442,1057.0
-5100.903908948269,1057.5
-5098.7462014517205,1058.0
-5096.588765817632,1058.5
-5095.510178709127,1059.0
-5094.430277375477,1059.5
-5093.35040547429,1060.0
-5093.35040547429,1060.5
-5093.35040547429,1061.0
-5176.613071576568,1061.5
-5193.49793155728,1062.0
-5205.730479749863,1062.5
-5216.798578871283,1063.0
-5228.964511068361,1063.5
-5241.154701355943,1064.0
-5252.244507051307,1064.5
-5263.326113800999,1065.0
-5274.413540752385,1065.5
-5283.288117377154,1066.0
-5283.288117377154,1066.5
-5276.719029957835,1067.0
-5285.40283322145,1067.5
-5294.24519390236,1068.0
-5304.198161270373,1068.5
-5314.168435938908,1069.0
-5324.143070905249,1069.5
-5334.121772398512,1070.0
-5344.104401435948,1070.5
-5354.090826901832,1071.0
-5364.080923556484,1071.5
-5374.074571758477,1072.0
-5384.071657217759,1072.5
-5394.072070759505,1073.0
-5404.075708098057,1073.5
-5414.082469620555,1074.0
-5424.092260179872,1074.5
-5434.104988896487,1075.0
-5444.120568968927,1075.5
-5454.138917492435,1076.0
-5464.159955285538,1076.5
-5474.183606724165,1077.0
-5484.209799583033,1077.5
-5494.238464883972,1078.0
-5504.269536750918,1078.5
-5514.302952271282,1079.0
-5524.338651363436,1079.5
-5534.376576650039,1080.0
-5544.416673336978,1080.5
-5554.458889097666,1081.0
-5564.503173962466,1081.5
-5574.549480213042,1082.0
-5583.481286496026,1082.5
-5592.402129255055,1083.0
-5601.323681840578,1083.5
-5610.246066214804,1084.0
-5619.169282320756,1084.5
-5628.093328851535,1085.0
-5637.018204526197,1085.5
-5645.943908102717,1086.0
-5654.870438377581,1086.5
-5663.797794185203,1087.0
-5672.725974397314,1087.5
-5681.654977922328,1088.0
-5690.584803704693,1088.5
-5699.515450724219,1089.0
-5708.4469179954,1089.5
-5717.379204566722,1090.0
-5726.312309519959,1090.5
-5735.2462319694705,1091.0
-5744.180971061491,1091.5
-5753.116525973414,1092.0
-5762.052895913084,1092.5
-5770.990080118081,1093.0
-5779.928077855012,1093.5
-5788.866888418805,1094.0
-5797.806511132007,1094.5
-5806.74694534409,1095.0
-5815.688190430764,1095.5
-5825.748002713608,1096.0
-5832.464719452411,1096.5
-5843.613708940413,1097.0
-5855.9458626951555,1097.5
-5866.0538790775345,1098.0
-5875.01654444486,1098.5
-5883.96764165081,1099.0
-5894.038202533725,1099.5
-5904.1238858312145,1100.0
-5914.2114289553765,1100.5
-5924.300641924093,1101.0
-5934.391493047004,1101.5
-5944.483953882265,1102.0
-5954.577997313901,1102.5
-5964.673597470029,1103.0
-5974.770729665873,1103.5
-5984.869370349624,1104.0
-5994.969497050779,1104.5
-6003.948689299723,1105.0
-6012.916295870198,1105.5
-6021.884184142364,1106.0
-6029.73145917296,1106.5
-6037.567906259203,1107.0
-6045.403916882681,1107.5
-6052.120243424224,1108.0
-6058.8268748355395,1108.5
-6065.532774378984,1109.0
-6071.120521789286,1109.5
-6076.6998557744955,1110.0
-6077.815522211075,1110.5
-6078.924703063642,1111.0
-6080.033288377554,1111.5
-6080.033288377554,1112.0
-6080.033288377554,1112.5
-6080.033288377554,1113.0
-6080.033288377554,1113.5
-6078.929085931874,1114.0
-6077.826946271454,1114.5
-6076.725407299537,1115.0
-6075.624442958634,1115.5
-6073.42361044872,1116.0
-6072.325239792214,1116.5
-6069.027357952758,1117.0
-6050.398992192344,1117.5
-6032.1333129365175,1118.0
-6031.060297961273,1118.5
-6032.154579544856,1119.0
-6028.863561745702,1119.5
-6023.4088103321465,1120.0
-6010.357883602675,1120.5
-5990.975699079337,1121.0
-5967.496521520688,1121.5
-5942.050730610338,1122.0
-5915.656127707114,1122.5
-5888.28922085027,1123.0
-5861.005949461912,1123.5
-5833.771255025475,1124.0
-5807.6295299977155,1124.5
-5783.5889618940355,1125.0
-5759.525468430357,1125.5
-5744.898171475869,1126.0
-5734.34441379254,1126.5
-5695.122349674485,1127.0
-5627.5272252274635,1127.5
-5526.6562862614455,1128.0
-5458.299390436344,1128.5
-5421.121876707963,1129.0
-5356.510137552697,1129.5
-5278.301583645737,1130.0
-5193.799294795038,1130.5
-5109.221776489166,1131.0
-5022.131621723757,1131.5
-4928.995210088802,1132.0
-4834.895918912248,1132.5
-4742.149926983675,1133.0
-4742.149926983675,1133.5
-4643.601213624394,1134.0
-4615.085967296748,1134.5
-4554.0876212198855,1135.0
-4469.331019939876,1135.5
-4382.941979885307,1136.0
-4285.802362859923,1136.5
-4190.798142366825,1137.0
-4190.798142366825,1137.5
-4082.9544511079603,1138.0
-4055.86921836492,1138.5
-4002.4643545438425,1139.0
-3922.8166316490106,1139.5
-3836.79127751129,1140.0
-3744.074179351014,1140.5
-3643.9042008242645,1141.0
-3543.7137122618637,1141.5
-3444.6673758672646,1142.0
-3346.6442700529565,1142.5
-3249.632699845554,1143.0
-3154.5113853852167,1143.5
-3060.293380347407,1144.0
-2972.419389567757,1144.5
-2972.419389567757,1145.0
-2878.1497979663422,1145.5
-2840.438425719773,1146.0
-2757.600952380058,1146.5
-2657.858895227382,1147.0
-2555.1323048541076,1147.5
-2454.592202115396,1148.0
-2354.916649796061,1148.5
-2257.0837873825353,1149.0
-2161.0039458431816,1149.5
-2066.67103822488,1150.0
-1974.074368865357,1150.5
-1885.8831063425484,1151.0
-1802.8135338045586,1151.5
-1752.6184792724655,1152.0
-1680.8627077287663,1152.5
-1615.681341117655,1153.0
-1525.5722534768338,1153.5
-1433.597402875251,1154.0
-1345.3778872823834,1154.5
-1264.9986755843672,1155.0
-1187.7606215316187,1155.5
-1105.8374355239134,1156.0
-1023.299124372331,1156.5
-950.6667640423823,1157.0
-950.6667640423823,1157.5
-864.576045981007,1158.0
-805.2851946623531,1158.5
-769.5445077917418,1159.0
-731.2480572926916,1159.5
-731.2480572926916,1160.0
-731.2480572926916,1160.5
-731.2480572926916,1161.0
-731.2480572926916,1161.5
-731.2480572926916,1162.0
-731.2480572926916,1162.5
-731.2480572926916,1163.0
-731.2480572926916,1163.5
-731.2480572926916,1164.0
-731.2480572926916,1164.5
-731.2480572926916,1165.0
-731.2480572926916,1165.5
-731.2480572926916,1166.0
-731.2480572926916,1166.5
-731.2480572926916,1167.0
-731.2480572926916,1167.5
-731.2480572926916,1168.0
-731.2480572926916,1168.5
-731.2480572926916,1169.0
-731.2480572926916,1169.5
-731.2480572926916,1170.0
-731.2480572926916,1170.5
-731.2480572926916,1171.0
-731.2480572926916,1171.5
-731.2480572926916,1172.0
-731.2480572926916,1172.5
-731.2480572926916,1173.0
-731.2480572926916,1173.5
-731.2480572926916,1174.0
-731.2480572926916,1174.5
-731.2480572926916,1175.0
-731.2480572926916,1175.5
-731.2480572926916,1176.0
-731.2480572926916,1176.5
-731.2480572926916,1177.0
-731.2480572926916,1177.5
-731.2480572926916,1178.0
-731.2480572926916,1178.5
-731.2480572926916,1179.0
-731.2480572926916,1179.5
-731.2480572926916,1180.0
