U_Batterie [V],Zeit [s]
46.800000000000004,0.0
48.107800000000005,0.5
48.107800000000005,1.0
48.107800000000005,1.5
48.107800000000005,2.0
48.107800000000005,2.5
48.107800000000005,3.0
48.107800000000005,3.5
48.107800000000005,4.0
48.107800000000005,4.5
48.107800000000005,5.0
48.107800000000005,5.5
48.107800000000005,6.0
48.107800000000005,6.5
48.107800000000005,7.0
48.107800000000005,7.5
48.107800000000005,8.0
48.107800000000005,8.5
48.107800000000005,9.0
48.107800000000005,9.5
48.107800000000005,10.0
48.107800000000005,10.5
48.107800000000005,11.0
48.107800000000005,11.5
46.6016442360395,12.0
41.87717004993591,12.5
45.780004489233505,13.0
43.83603166813331,13.5
43.77096306115994,14.0
40.69408194005845,14.5
40.10095890308819,15.0
42.7216424882868,15.5
46.19276318607956,16.0
45.75844446577663,16.5
45.89392306719222,17.0
46.41980125173115,17.5
46.71746499722951,18.0
46.7147102147755,18.5
46.76847999270412,19.0
46.819918413477154,19.5
46.86919606016038,20.0
46.91640578086196,20.5
46.96163649247951,21.0
47.00497325891177,21.5
47.04649745473413,22.0
47.08628692260336,22.5
46.2693054159892,23.0
44.6294617269164,23.5
46.375760151922144,24.0
47.207674091448204,24.5
47.31407006137673,25.0
48.51728039728096,25.5
49.18351285268554,26.0
47.95155653704205,26.5
47.368440673349994,27.0
47.38913399139767,27.5
47.408964318387476,28.0
47.42796826515648,28.5
47.44618086402602,29.0
47.46363563768088,29.5
47.480364665046174,30.0
47.49639864428766,30.5
47.51176695305663,31.0
47.52649770609625,31.5
47.540617810322004,32.0
47.554153017484644,32.5
47.56712797451978,33.0
47.57956627168437,33.5
47.59149048857625,34.0
47.6029222381289,34.5
47.613882208670184,35.0
47.62439020412972,35.5
47.6344651824763,36.0
47.644125292463336,36.5
47.65338790875679,37.0
47.662269665517165,37.5
47.670786488503744,38.0
47.67895362576658,38.5
47.6867856769888,39.0
47.69429662153896,39.5
47.701499845290705,40.0
47.7084081662645,40.5
47.71503385914353,41.0
47.72138867871401,41.5
47.72748388227741,42.0
47.733330251080325,42.5
47.73893811080576,43.0
47.74431735116721,43.5
47.749477444645656,44.0
47.754427464407236,44.5
47.75917610143816,45.0
47.763731680931514,45.5
47.76810217795895,46.0
47.77229523245928,46.5
47.77631816357392,47.0
47.78017798335828,47.5
47.78388140989661,48.0
47.787434879846785,48.5
47.79084456044014,49.0
47.79411636096042,49.5
47.7972559437249,50.0
41.80905218758118,50.5
44.874523107779645,51.0
46.713369650800715,51.5
44.94726866920236,52.0
45.19089010996297,52.5
45.81078372324342,53.0
45.222966241711795,53.5
42.605363249929866,54.0
42.28166287225842,54.5
42.26310847258941,55.0
41.7603432904782,55.5
41.39748483322618,56.0
46.05777817781013,56.5
45.76346068076107,57.0
40.256732797467016,57.5
41.366586587422134,58.0
41.86117382071959,58.5
41.5962026038072,59.0
41.26101684956829,59.5
40.97891352699869,60.0
40.765782185127165,60.5
41.52937916414592,61.0
42.14787145427995,61.5
44.37292814783883,62.0
44.891283287561755,62.5
44.01538510200779,63.0
44.511789605689295,63.5
45.22540440091255,64.0
45.32518500769624,64.5
45.47830723096298,65.0
45.45886995044268,65.5
45.48541424987801,66.0
45.5612388584484,66.5
45.57658066271802,67.0
45.52837517220305,67.5
45.583334681720096,68.0
45.635880483929384,68.5
45.68579630687466,69.0
45.73322867515012,69.5
45.778557022513844,70.0
45.821665199755806,70.5
45.86267670637966,71.0
45.90170828375898,71.5
45.93886953639428,72.0
45.97426338036644,72.5
46.007986466838446,73.0
46.04012957916228,73.5
46.07077800506189,74.0
46.10001188532269,74.5
46.12790654036367,75.0
46.15453277600895,75.5
46.1799571697155,76.0
46.20424233845241,76.5
46.2274471893659,77.0
46.249627154303866,77.5
46.27083440921487,78.0
46.29111807937891,78.5
46.31052443137217,79.0
46.32909705261464,79.5
46.34687701929877,80.0
46.36390305344858,80.5
46.380211669812816,81.0
46.39583731325183,81.5
46.410812487236434,82.0
46.425167874038266,82.5
46.43893244715358,83.0
46.45213357646872,83.5
46.57715853935029,84.0
46.59596153303865,84.5
46.8942177896278,85.0
45.75560093956125,85.5
48.21032370210875,86.0
48.94580013546451,86.5
50.54842218737931,87.0
47.75711796714496,87.5
49.46928130329289,88.0
47.67894496378527,88.5
47.32624671921405,89.0
48.808823295642036,89.5
48.95280126900991,90.0
48.87110739375071,90.5
49.1038894777648,91.0
47.63251278548417,91.5
46.79357720228231,92.0
48.55677202218161,92.5
48.51329610810339,93.0
48.23080815526353,93.5
48.63366957882895,94.0
48.82885381001794,94.5
49.356240059588224,95.0
47.82373074491802,95.5
47.80238857091511,96.0
47.78226302004857,96.5
47.76328190767981,97.0
47.745377417334645,97.5
47.72848583541087,98.0
47.71254730166534,98.5
47.69750557462072,99.0
47.68330781106415,99.5
47.66990435884315,100.0
47.65724856219897,100.5
47.64529657891239,101.0
47.63400720857233,101.5
47.623341731312266,102.0
47.613263756393344,102.5
47.60373908004649,103.0
47.5947355520178,103.5
47.58622295029221,104.0
47.578172863500505,104.5
47.570558580542794,105.0
47.563354986988756,105.5
47.55653846784074,106.0
47.55008681627016,106.5
47.543979147961004,107.0
47.538195820716005,107.5
47.532718359001734,108.0
47.52752938312885,108.5
47.522612542781644,109.0
47.51795245462894,109.5
47.513534643764395,110.0
47.509345488740024,110.5
47.50537216997104,111.0
47.501602621303896,111.5
47.49802548455218,112.0
47.494630066817116,112.5
47.491406300420685,113.0
47.48834470529011,113.5
47.48543635364235,114.0
47.482672836826616,114.5
47.480046234191825,115.0
47.477549083854036,115.5
47.47517435524673,116.0
47.41639763381393,116.5
47.467512567757254,117.0
47.46559702476325,117.5
47.463772889945645,118.0
41.85261848202594,118.5
45.29298230934458,119.0
46.3375032477362,119.5
45.179030286970104,120.0
45.21953906640343,120.5
45.78930457884571,121.0
45.473622694365474,121.5
44.59322971738046,122.0
43.26712202030105,122.5
44.59957064621074,123.0
44.881622383759755,123.5
45.01907422962437,124.0
44.98657462447083,124.5
46.297689462302934,125.0
44.973987229349845,125.5
45.36476718427395,126.0
45.01183495364387,126.5
44.97002460555979,127.0
44.64438233994843,127.5
43.28786379325015,128.0
44.113152552346264,128.5
45.09880215160497,129.0
45.06029790824713,129.5
44.998677777852805,130.0
44.99085863043162,130.5
44.925642244447744,131.0
44.9137376724665,131.5
44.377748326851794,132.0
43.90464009661296,132.5
45.24893272976415,133.0
45.86449547051032,133.5
42.60949972204787,134.0
42.40644764262867,134.5
42.74782992453404,135.0
42.970446499678005,135.5
42.961839452592464,136.0
42.82645381118022,136.5
42.74297501880757,137.0
42.78484201503263,137.5
42.78278150223851,138.0
42.84354095961525,138.5
42.856432405232994,139.0
42.99054238492378,139.5
43.259064832638884,140.0
43.7239600873659,140.5
43.809780744424856,141.0
43.77288117018379,141.5
43.72807458413006,142.0
43.735955766724864,142.5
43.974982188089754,143.0
44.63252464546075,143.5
44.69863335497571,144.0
45.09557294932094,144.5
45.95469326375999,145.0
44.91347332249796,145.5
45.05998455249299,146.0
45.05278244227827,146.5
44.98279610706505,147.0
44.95868689238751,147.5
45.0417516418775,148.0
45.07205437886777,148.5
45.04444382927079,149.0
45.12311640810986,149.5
45.149299445616734,150.0
45.173713009827196,150.5
45.19688822241839,151.0
45.218888506855755,151.5
45.2397699412794,152.0
45.259585675976126,152.5
45.27838613079298,153.0
45.29621914480273,153.5
45.31313011720199,154.0
45.32916214025971,154.5
45.456093871389456,155.0
46.648984784023135,155.5
46.7791704393355,156.0
48.334849996287254,156.5
48.599488017759406,157.0
48.661251329110385,157.5
48.71823963575209,158.0
48.81372206270351,158.5
48.89766215497708,159.0
48.97264945867122,159.5
49.090513744989636,160.0
49.14973467402488,160.5
49.459186107812904,161.0
47.42259684100324,161.5
47.39766758296208,162.0
47.32092871095074,162.5
47.45517966414337,163.0
47.015092402251966,163.5
47.45551536578782,164.0
46.80666823695037,164.5
46.80600614320634,165.0
46.87137902725247,165.5
46.891925603630604,166.0
46.91721999940658,166.5
47.109697677142776,167.0
47.1005736633798,167.5
47.09196255153781,168.0
47.1378847064669,168.5
47.13360951752282,169.0
47.12967555928558,169.5
47.12601122809477,170.0
47.12260018454063,170.5
47.11942701853253,171.0
47.116477248098676,171.5
47.11373726355664,172.0
47.111194275099734,172.5
47.10883626353507,173.0
47.106651933984026,173.5
47.1046306723669,174.0
47.102762504503964,174.5
47.10103805767562,175.0
47.09944852449349,175.5
47.20737421322357,176.0
47.70404043139903,176.5
46.70604370609128,177.0
47.49674663783644,177.5
47.83844868696807,178.0
49.11732466815111,178.5
50.75779513045055,179.0
51.141685314145626,179.5
51.005846922014655,180.0
47.823203167322134,180.5
51.20964888451377,181.0
48.95716313198197,181.5
49.90793367232547,182.0
49.84329834021323,182.5
50.16403202523074,183.0
48.19667040912372,183.5
52.266370447468425,184.0
47.33009126910378,184.5
49.193544842451224,185.0
49.57729296890243,185.5
49.597687124188376,186.0
49.37097290635485,186.5
49.5427503351678,187.0
48.333903697129294,187.5
48.28151753687977,188.0
48.23181505066549,188.5
48.18464501453471,189.0
48.139865127466905,189.5
48.09734148825494,190.0
48.056948100020854,190.5
48.01856640153126,191.0
47.98208482437502,191.5
47.94739837499526,192.0
47.91440824052304,192.5
47.883021417337055,193.0
47.853150361267005,193.5
47.824712658364966,194.0
47.79763071518622,194.5
47.77183146754543,195.0
47.747246106744825,195.5
47.7238098223054,196.0
47.70146156027001,196.5
47.680143796186215,197.0
47.65980232191727,197.5
47.64038604547009,198.0
47.62184680306957,198.5
47.604139182748234,199.0
47.58722035875899,199.5
47.57104993615698,200.0
47.555589804932175,200.5
47.540804003110026,201.0
47.52665858827062,201.5
47.51312151696909,202.0
47.50016253157024,202.5
47.48775305403946,203.0
47.47586608625961,203.5
47.46447611646917,204.0
47.45355903144205,204.5
47.44309203405201,205.0
47.43305356588735,205.5
47.42342323460141,206.0
47.414181745704184,206.5
45.70615367290346,207.0
42.40651268744704,207.5
45.844618474258404,208.0
44.8012084839416,208.5
45.61267921357077,209.0
44.44671188040368,209.5
44.7870543100339,210.0
46.72097520703154,210.5
46.805439038601826,211.0
47.6125050853498,211.5
47.35407571119561,212.0
47.25270511646333,212.5
47.35419137707924,213.0
47.40017423895576,213.5
47.444576380822,214.0
47.48693130708447,214.5
47.52735421458998,215.0
47.56594796549524,215.5
47.60280982704947,216.0
47.63803171395542,216.5
47.671700484303386,217.0
47.70389821917557,217.5
48.06111019964528,218.0
47.94200793518446,218.5
46.84288692562939,219.0
47.79893705738706,219.5
47.70724047258155,220.0
48.21903030546498,220.5
48.47370770417891,221.0
48.526394468377894,221.5
48.68836896758851,222.0
47.51264316193741,222.5
47.49653436616152,223.0
47.48125059470413,223.5
47.4667455440716,224.0
47.45297565566627,224.5
47.43989994839319,225.0
47.42747986156661,225.5
47.41567910749187,226.0
47.40446353313358,226.5
47.39380099031475,227.0
47.38366121392367,227.5
47.374015707636126,228.0
47.36483763668968,228.5
47.35610172727451,229.0
47.34778417213144,229.5
47.339862541972536,230.0
47.332315702363324,230.5
47.3251237357274,231.0
47.31826786815542,231.5
47.311730400719696,232.0
47.30549464501433,232.5
47.29954486265812,233.0
47.29386620851376,233.5
47.288444677392036,234.0
47.28326705402442,234.5
47.27832086610086,235.0
47.27359434018193,235.5
47.26907636030702,236.0
47.264756429130806,236.5
47.26062463143119,237.0
47.256671599841304,237.5
47.25288848266778,238.0
47.24926691366582,238.5
47.2457989836498,239.0
47.24247721382585,239.5
47.23929453073968,240.0
47.23624424273994,240.5
47.23332001786326,241.0
47.230515863053434,241.5
47.22782610463217,242.0
47.22524536994451,242.5
47.222768570106304,243.0
47.220390883786145,243.5
47.218107741958086,244.0
47.215914813565476,244.5
47.21380799203997,245.0
41.81328602249111,245.5
46.13123269171493,246.0
45.99586439302288,246.5
45.087339745858614,247.0
45.37748526381866,247.5
45.79211135270511,248.0
45.5935745717012,248.5
45.606266736612575,249.0
45.27852082984499,249.5
45.62791035296018,250.0
45.607811781499834,250.5
45.231863542202206,251.0
48.29188539669206,251.5
46.55232244326644,252.0
44.00438204503928,252.5
44.33182447534079,253.0
43.9508771763,253.5
43.39884291305958,254.0
43.23361196636861,254.5
43.58424527130486,255.0
44.534302477501285,255.5
44.649801884154094,256.0
45.750203203591504,256.5
45.97203158805887,257.0
46.42830198646935,257.5
45.99170399802952,258.0
46.778548247827274,258.5
46.458951265570654,259.0
46.51918713543978,259.5
46.57416144328102,260.0
46.626634209388094,260.5
46.676715129397664,261.0
46.72452531870147,261.5
46.092114306751014,262.0
46.20424538288093,262.5
46.44232824014279,263.0
46.46470579043086,263.5
46.54299209426829,264.0
46.56676373973743,264.5
46.58951686496441,265.0
46.61124392917409,265.5
46.63199587882754,266.0
46.65182091095231,266.5
46.6707646900679,267.0
46.688870486628794,267.5
46.70617930784128,268.0
46.722730021195034,268.5
46.73855947110976,269.0
46.75370258907764,269.5
46.76819249766211,270.0
46.782060608695396,270.5
46.795336715998474,271.0
46.80804908293073,271.5
46.820224525058926,272.0
46.831888488220486,272.5
46.84306512224007,273.0
46.85377735054468,273.5
46.86404693590896,274.0
46.87389454254882,274.5
46.883339794770265,275.0
46.89240133236782,275.5
46.90109686295636,276.0
46.90944321140999,276.5
46.917456366571095,277.0
46.925151525384294,277.5
46.93254313460052,278.0
46.93964493018853,278.5
46.94646997458315,279.0
46.95303069189262,279.5
47.188905763906185,280.0
46.52183276633138,280.5
48.87060234054116,281.0
48.95097058507681,281.5
51.04063927068329,282.0
50.61828643309766,282.5
51.55374043209273,283.0
49.9732514529263,283.5
48.75624657868174,284.0
49.77883758989556,284.5
49.65433147343028,285.0
49.55856267511583,285.5
49.66434633418526,286.0
48.106988395832474,286.5
47.5648053438689,287.0
49.49848272525159,287.5
49.00529427745806,288.0
49.572820100312114,288.5
49.17379714884156,289.0
49.36416263678958,289.5
49.33446109780028,290.0
48.17549357867111,290.5
48.13061003867672,291.0
48.08801746941087,291.5
48.047588101974675,292.0
48.00920162332905,292.5
47.97274473975879,293.0
47.93811076432647,293.5
47.90519922733089,294.0
47.87391550876156,294.5
47.84417049173116,295.0
47.81588023587278,295.5
47.788965669701874,296.0
47.76335230096388,296.5
47.73896994401618,297.0
47.71575246332294,297.5
47.69363753217604,298.0
47.67256640579088,298.5
47.652483707962475,299.0
47.633337230505134,299.5
47.615077744735785,300.0
47.597658824298385,300.5
47.58103667866282,301.0
47.565169996666945,301.5
47.55001979950456,302.0
47.53554930259524,302.5
47.52172378580298,303.0
47.50851047150155,303.5
47.49587841001268,304.0
47.48379837197106,304.5
47.47224274719626,305.0
47.461185449675874,305.5
47.45060182828869,306.0
47.44046858291775,306.5
47.43076368562496,307.0
47.421466306578274,307.5
47.41255674444137,308.0
47.40401636095309,308.5
47.39582751944083,309.0
47.387973527027384,309.5
47.38043858030539,310.0
47.3732077142678,310.5
47.36626675429513,311.0
47.35960227101291,311.5
47.3532015378441,312.0
47.34705249109191,312.5
47.34114369239863,313.0
41.88508064503662,313.5
46.115593366915775,314.0
46.095051485574494,314.5
45.17703398961011,315.0
45.46805097333249,315.5
45.88483332971676,316.0
45.62341429813883,316.5
45.62901713721581,317.0
45.35098248115232,317.5
45.763045987863336,318.0
45.80390234897752,318.5
45.66629309217443,319.0
45.63652824231351,319.5
46.55323596031239,320.0
45.425401971086416,320.5
45.53617859445376,321.0
45.449697169284796,321.5
45.47498362971532,322.0
45.56630770488153,322.5
45.60728311177934,323.0
45.769529035345435,323.5
45.707980781337724,324.0
45.698878731657025,324.5
45.63151764067796,325.0
45.61878356190637,325.5
45.607040962713555,326.0
45.65466790911222,326.5
45.64771921066905,327.0
46.290540006300866,327.5
44.98042487984776,328.0
43.090152125315136,328.5
43.11335015343624,329.0
43.66496659950571,329.5
43.969905079446136,330.0
44.09942146775499,330.5
44.0518223851825,331.0
43.99946370373714,331.5
44.009215642285035,332.0
44.02639007493378,332.5
44.04879340763917,333.0
44.13664034992651,333.5
44.174175739638244,334.0
44.27472076036803,334.5
44.38443950852492,335.0
44.50145456120005,335.5
44.5059153757224,336.0
44.44794638606943,336.5
44.44413541773353,337.0
44.38146928762066,337.5
44.55262716143323,338.0
45.27515863011089,338.5
45.91322663728308,339.0
45.586910156729544,339.5
45.46640971999637,340.0
45.7401527507246,340.5
45.793256431526906,341.0
45.78613143620343,341.5
45.540799148065375,342.0
45.50524854190766,342.5
45.46590297571605,343.0
45.421681210168614,343.5
45.43134040353544,344.0
45.44092195117094,344.5
45.39133430986936,345.0
45.395407217271206,345.5
45.39969909982089,346.0
45.40364740104502,346.5
45.40726212253969,347.0
45.41055868261295,347.5
45.4722908065661,348.0
45.479344962526234,348.5
45.48544546312348,349.0
45.49113012838275,349.5
45.731253340121626,350.0
46.92067219884829,350.5
47.104557019299435,351.0
49.06749394743063,351.5
49.15512200180495,352.0
49.28305426885799,352.5
49.34306521794895,353.0
49.392490319497426,353.5
49.48267339547617,354.0
49.56108199646327,354.5
49.63068276984719,355.0
49.691810021504274,355.5
50.010432563649545,356.0
47.68617796051403,356.5
49.806567926317605,357.0
48.01251599707383,357.5
48.11018289423322,358.0
47.38332619404934,358.5
47.76706596939578,359.0
47.18673881733154,359.5
47.17759149977466,360.0
47.23569819342018,360.5
47.30353896990246,361.0
47.436112621300445,361.5
47.46859575933831,362.0
47.449870056274904,362.5
47.43215005693353,363.0
47.41532858185361,363.5
47.399358677614075,364.0
47.38419588080428,364.5
47.36979813959976,365.0
47.41221861939028,365.5
47.402595050584814,366.0
47.39359742185968,366.5
47.38508243918085,367.0
47.37702519918973,367.5
47.36940189906014,368.0
47.36219002078261,368.5
47.35536825956021,369.0
47.34891645676436,369.5
47.34281553664889,370.0
47.33704744661251,370.5
47.44456939976199,371.0
47.95334003457195,371.5
47.08540544093033,372.0
48.02546348658665,372.5
48.3252022297558,373.0
49.6445791018175,373.5
51.268406730448774,374.0
51.60212995297248,374.5
51.510389685781256,375.0
48.040455483233465,375.5
51.29808139395965,376.0
49.33224333732434,376.5
50.09556226913167,377.0
51.02361786043495,377.5
49.844790539537975,378.0
50.491592555113215,378.5
53.12724423052272,379.0
46.11613901234414,379.5
50.98376661294245,380.0
49.60823752559192,380.5
49.7437358682467,381.0
50.06268529295297,381.5
50.597884748011616,382.0
48.63595685501745,382.5
48.571990313436274,383.0
48.511272831882344,383.5
48.45362284448196,384.0
48.39886935272057,384.5
48.34685132503833,385.0
48.29741712524362,385.5
48.25042396939637,386.0
48.20573741059533,386.5
48.16323085093616,387.0
48.12278507978386,387.5
48.08428783741405,388.0
48.0476334030184,388.5
48.01272220603245,389.0
47.979460459727484,389.5
47.947759816004734,390.0
47.917537040340136,390.5
47.88871370584578,391.0
47.861215905439785,391.5
47.83497398114679,392.0
47.80992226958547,392.5
47.78599886273602,393.0
47.7631453831193,393.5
47.741306772557934,394.0
47.72043109372931,394.5
47.70046934375959,395.0
47.68137527914584,395.5
47.66310525133143,396.0
47.645618052296236,396.5
47.62887476955798,397.0
47.61283865001544,397.5
47.59747497209634,398.0
47.58275092570387,398.5
47.568635499485225,399.0
47.555099374973715,399.5
47.54211482718257,400.0
47.529655631253846,400.5
47.51769697478946,401.0
47.50621537551462,401.5
45.77226615890453,402.0
42.59719996422963,402.5
46.05055749517347,403.0
44.76383035660594,403.5
45.685107457374386,404.0
44.503819949308074,404.5
44.84844758844949,405.0
46.75189195746659,405.5
46.88982010455385,406.0
47.70549505642467,406.5
47.44023744927432,407.0
47.334900702606426,407.5
47.4907650529183,408.0
47.53755135626753,408.5
47.528249297754975,409.0
47.569349515676976,409.5
47.608018492834525,410.0
47.6449330114448,410.5
47.68018100292538,411.0
47.71385155645273,411.5
47.746028778615084,412.0
47.77679213532296,412.5
48.136936869196475,413.0
46.97419279393414,413.5
47.38921965316802,414.0
48.11336499936175,414.5
47.9804795021254,415.0
48.45447611438617,415.5
48.66370515976079,416.0
48.775497868730234,416.5
48.943844945533925,417.0
47.601897391694244,417.5
47.58345620972249,418.0
47.56595196150663,418.5
47.54933216390047,419.0
47.533547446892925,419.5
47.51855136366304,420.0
47.504300212299725,420.5
47.49075286848541,421.0
47.47787062848096,421.5
47.46561706178638,422.0
47.45395787288704,422.5
47.44286077152936,423.0
47.432295351002374,423.5
47.42223297393214,424.0
47.412646665125706,424.5
47.4035110110287,425.0
47.394802065387225,425.5
47.386497260729485,426.0
47.378575325305846,426.5
47.37101620514854,427.0
47.363800990932724,427.5
47.356911849340264,428.0
47.35033195864642,428.5
47.34404544826646,429.0
47.33803734201587,429.5
47.33229350485321,430.0
47.326800592888745,430.5
47.321546006455776,431.0
47.316517846054246,431.5
47.31170487098793,432.0
47.30709646052781,432.5
47.30268257744476,433.0
47.29845373376434,433.5
47.29440095860578,434.0
47.29051576797589,434.5
47.28679013639673,435.0
47.28321647025337,435.5
47.2797875827552,436.0
47.27649667041111,436.5
47.27333729092482,437.0
47.27030334242264,437.5
47.26738904393148,438.0
47.264588917029876,438.5
47.26189776859994,439.0
47.259310674612195,439.5
47.256822964880094,440.0
41.8037458710323,440.5
45.71672717971461,441.0
46.17235635773127,441.5
45.103931178647734,442.0
45.33318383421222,442.5
45.80787841322997,443.0
45.609347218144514,443.5
45.56420037332805,444.0
45.229022646078434,444.5
45.638645977834045,445.0
45.62038285853123,445.5
45.182931701787986,446.0
48.33047469193558,446.5
46.238111336662186,447.0
43.613835036415814,447.5
44.212612277559174,448.0
43.90116336678327,448.5
43.41177077694561,449.0
43.19525257356007,449.5
43.487764544329565,450.0
44.505597793309974,450.5
44.62625783118104,451.0
45.6194836954635,451.5
45.839900622967676,452.0
45.89090281280075,452.5
45.82385891037494,453.0
46.383699189423105,453.5
46.39062316101112,454.0
46.45263017784886,454.5
46.51138371808631,455.0
46.56743460006551,455.5
46.620917294770784,456.0
46.67196193918388,456.5
46.378767876527064,457.0
46.00312077607958,457.5
46.115873910489896,458.0
46.29685286080336,458.5
46.429623931254156,459.0
46.51047417683977,459.5
46.53622565473658,460.0
46.56086648136581,460.5
46.58439271059217,461.0
46.606859791471756,461.5
46.628320181347924,462.0
46.6488235778099,462.5
46.66841706946633,463.0
46.68714527844479,463.5
46.70505049498453,464.0
46.72217280455258,464.5
46.73855020789203,465.0
46.754218734391266,465.5
46.76921254914308,466.0
46.78356405404349,466.5
46.79730398326216,467.0
46.81046149339828,467.5
46.8230642486193,468.0
46.835138501063824,468.5
46.846709166774296,469.0
46.85779989741123,469.5
46.868433147986124,470.0
46.87863024083742,470.5
46.88841142606138,471.0
46.897795938597845,471.5
46.9068020521595,472.0
46.91544713018274,472.5
46.9237476739684,473.0
46.931719368170526,473.5
46.939377123783196,474.0
46.94673511876592,474.5
47.242489724167804,475.0
46.46084025374652,475.5
48.99684733707192,476.0
49.12588164197028,476.5
51.28104077600061,477.0
49.53975220313221,477.5
48.14767072036069,478.0
51.09361202279706,478.5
48.9103234787631,479.0
49.99412548118514,479.5
49.722281943540665,480.0
49.59085759664304,480.5
49.816641600291035,481.0
48.046980393469454,481.5
47.50286486399818,482.0
49.683550989605685,482.5
49.4015661314878,483.0
49.180633822130865,483.5
49.374463182283115,484.0
49.45774536084899,484.5
48.841978643979616,485.0
48.13569888073805,485.5
48.09264311904959,486.0
48.05178973938069,486.5
48.01301584211567,487.0
47.97620569967524,487.5
47.94125033593391,488.0
47.90804712895156,488.5
47.87649943601716,489.0
47.84651623998988,489.5
47.81801181592354,490.0
47.79090541697086,490.5
47.76512097858319,491.0
47.7405868400465,491.5
47.717235482424044,492.0
47.69500328200928,492.5
47.6738302784274,493.0
47.65365995656084,493.5
47.63443904151063,494.0
47.61611730584339,494.5
47.59864738841,495.0
47.58198462405909,495.5
47.56608688360319,496.0
47.550914423430314,496.5
47.53642974418663,497.0
47.52259745798795,497.5
47.50938416364839,498.0
47.496758329443445,498.5
47.484690182952995,499.0
47.47315160755605,499.5
47.46211604517399,500.0
47.45155840488326,500.5
47.44145497704056,501.0
47.43178335258556,501.5
47.42252234720536,502.0
47.413651930064745,502.5
47.405153156824014,503.0
47.39700810668245,503.5
47.38919982320228,504.0
47.38171225868228,504.5
47.374530221864454,505.0
47.367639328770636,505.5
47.36102595647785,506.0
47.35467719965351,506.5
47.34858082968208,507.0
47.34272525622535,507.5
47.33709949106819,508.0
41.72977318751781,508.5
45.64202095652797,509.0
46.16275153215453,509.5
45.14072658506643,510.0
45.371603242420576,510.5
45.84788285074968,511.0
45.58734783128847,511.5
45.47575309491494,512.0
45.12734220195744,512.5
45.65145929746027,513.0
45.75286442687393,513.5
45.61728505680602,514.0
45.589234470689185,514.5
46.45395953319231,515.0
45.37546912833273,515.5
45.66874514431147,516.0
45.419033092183824,516.5
45.44228008855224,517.0
45.47565527130711,517.5
45.453946514312825,518.0
45.610505848435736,518.5
45.6617511722517,519.0
45.596399895167615,519.5
45.585121068569414,520.0
45.57476255837193,520.5
45.5645458175376,521.0
46.268197839731144,521.5
43.31222149508157,522.0
42.78147797193689,522.5
42.963672537608275,523.0
43.65898505301351,523.5
43.85902065862596,524.0
43.806023395319066,524.5
43.9892169321063,525.0
44.014081797591025,525.5
43.9775134364277,526.0
43.939927823554164,526.5
43.903314727835195,527.0
43.928437094903074,527.5
43.96023319352564,528.0
44.05721072909178,528.5
44.10339077233145,529.0
44.2123197641745,529.5
44.33000774506016,530.0
44.39473656468065,530.5
44.40165562892167,531.0
44.40680759663895,531.5
44.351606378990226,532.0
44.350509900973655,532.5
44.589334544819025,533.0
45.32122987288241,533.5
45.43972111031959,534.0
46.3164341893883,534.5
45.608936924834424,535.0
45.77757577600832,535.5
45.77656524572424,536.0
45.769611219224835,536.5
45.58261638125626,537.0
45.49323941075232,537.5
45.511767063268174,538.0
45.47171961709242,538.5
45.426446641071344,539.0
45.43502420579551,539.5
45.44357862294779,540.0
45.451617538773625,540.5
45.40061468119676,541.0
45.403272496515086,541.5
45.40621772982871,542.0
45.408885812207686,542.5
45.46995332091296,543.0
45.47645369197725,543.5
45.48203048702423,544.0
45.48721843531001,544.5
45.726616302808715,545.0
46.797707496304255,545.5
47.15027217415684,546.0
49.335503354936534,546.5
49.30659581376879,547.0
49.39532738857763,547.5
49.462493633744614,548.0
49.570021202419674,548.5
49.61135843769804,549.0
49.696111603348946,549.5
49.76923948791787,550.0
49.83384016171772,550.5
50.10141220073316,551.0
47.73887673985388,551.5
50.28793578746346,552.0
47.97904909658646,552.5
48.33745085041959,553.0
47.294321696306284,553.5
47.88027605470383,554.0
47.24800826409275,554.5
47.23536950011008,555.0
47.29021044150969,555.5
47.46627637849474,556.0
47.49108926775044,556.5
47.52066938020824,557.0
47.49944853454703,557.5
47.4793524957842,558.0
47.460268641976,558.5
47.44214422287568,559.0
47.48065276206063,559.5
47.46765934855156,560.0
47.45545598461608,560.5
47.443892543568374,561.0
47.43293596078241,561.5
47.422554718176485,562.0
47.41271899813469,562.5
47.403400588985946,563.0
47.39457279629511,563.5
47.386210359114955,564.0
47.37828937092376,564.5
47.37078720498727,565.0
47.36368244389734,565.5
47.413197763322174,566.0
47.97224866336999,566.5
47.32861319008077,567.0
48.163981270994555,567.5
48.46691586315998,568.0
49.78176392533821,568.5
51.396762689773745,569.0
51.7293977812662,569.5
51.589772362497705,570.0
48.09364288470765,570.5
51.33040932021848,571.0
49.62995378252402,571.5
50.24191286476189,572.0
51.17028112833987,572.5
49.95068875798628,573.0
48.44981371706998,573.5
50.2242152666809,574.0
48.33800539689464,574.5
51.13291176776615,575.0
49.70847787467205,575.5
50.01814679062138,576.0
49.88199352936148,576.5
50.00898730734817,577.0
48.57315555224551,577.5
48.51175408172622,578.0
48.453445977368595,578.5
48.39805981399888,579.0
48.34543408437537,579.5
48.29541663551445,580.0
48.247864132686146,580.5
48.202641550577255,581.0
48.15962169095015,581.5
48.118684725998634,582.0
48.07971776650958,582.5
48.042614453876254,583.0
48.007274574968584,583.5
47.97360369884524,584.0
47.94151283428602,584.5
47.910918107129234,585.0
47.88174045641385,585.5
47.85390534834921,586.0
47.82734250716207,586.5
47.80198566190333,587.0
47.77777230833068,587.5
47.754643485019706,588.0
47.73254356289351,588.5
47.71142004739792,589.0
47.691223392587176,589.5
47.671906826422045,590.0
47.653426186618134,590.5
47.63573976641759,591.0
47.61880816969183,591.5
47.602594174814875,592.0
47.587062606779426,592.5
47.57218021705711,593.0
47.5579155707335,593.5
47.54423894047599,594.0
47.53112220691787,594.5
47.518538765067845,595.0
47.50646343637632,595.5
47.49487238611261,596.0
47.48374304572791,596.5
45.182609293750794,597.0
42.81308960657794,597.5
45.64449541543476,598.0
44.67505577462037,598.5
45.559975799429,599.0
44.36888036778251,599.5
44.83068002203132,600.0
45.93310657194114,600.5
46.84905250535384,601.0
47.558818973373214,601.5
47.34968307744863,602.0
47.30166870364737,602.5
47.408542484189645,603.0
47.458937169852305,603.5
47.50761311924131,604.0
47.55403464551928,604.5
47.598328920804775,605.0
47.64060856069634,605.5
47.68098015756251,606.0
47.71954451089936,606.5
47.756396941192335,607.0
47.79162758672419,607.5
48.10178558004356,608.0
47.15576319523661,608.5
47.59022016064721,609.0
48.15831539932107,609.5
48.08492652768506,610.0
48.56484329427692,610.5
48.778745244312695,611.0
48.84105043728275,611.5
48.63306008696492,612.0
47.59416418546569,612.5
47.57531323834853,613.0
47.557420516703424,613.5
47.54043255325507,614.0
47.524299033132706,614.5
47.50897260287638,615.0
47.49440869107869,615.5
47.48056533997017,616.0
47.46740304729363,616.5
47.45488461784858,617.0
47.44297502412171,617.5
47.43164127545191,618.0
47.42085229521087,618.5
47.41057880550957,619.0
47.400793218970605,619.5
47.39146953713283,620.0
47.382583255081215,620.5
47.37411127191895,621.0
47.366031806721956,621.5
47.35832431963809,622.0
47.35096943781352,622.5
47.34394888584838,623.0
47.33724542050208,623.5
47.33084276938582,624.0
47.324725573395725,624.5
47.318879332655875,625.0
47.313290355754134,625.5
47.30794571206742,626.0
47.302833186985545,626.5
47.29794123985494,627.0
47.293258964473885,627.5
47.2887760519822,628.0
47.28448275599771,628.5
47.280369859860606,629.0
47.276428645856306,629.5
47.27265086629468,630.0
47.26902871633146,630.5
47.265554808424724,631.0
47.262222148325996,631.5
47.259024112511675,632.0
47.255954426966305,632.5
47.25300714723504,633.0
47.25017663966727,633.5
47.24745756377872,634.0
47.2448448556634,634.5
47.184843854269815,635.0
41.64786548236353,635.5
45.489379357507886,636.0
46.72131897850316,636.5
45.00286786952162,637.0
45.318021129727356,637.5
45.79598804195352,638.0
45.537952057468964,638.5
45.48721486220853,639.0
44.96950137691208,639.5
45.539915961896234,640.0
45.522356146692296,640.5
44.96223905604398,641.0
48.05475972026051,641.5
46.510916579307654,642.0
43.35621098973301,642.5
43.89807208592602,643.0
43.81591787962859,643.5
43.277648861343714,644.0
43.05466571849581,644.5
43.28390907767958,645.0
44.42135027680763,645.5
44.48824410128723,646.0
45.30308472170008,646.5
45.75018155127641,647.0
43.83409105086206,647.5
46.09706062708524,648.0
46.15561917952975,648.5
46.2269059362003,649.0
46.29476338461317,649.5
46.35947350167715,650.0
46.42119445824266,650.5
46.48007703773001,651.0
46.536264234210506,651.5
46.58989164957092,652.0
45.843061575806374,652.5
45.95171831069268,653.0
46.1327466026872,653.5
46.32333183553517,654.0
46.40759087020748,654.5
46.43660895346902,655.0
46.46436382465844,655.5
46.49085873955201,656.0
46.57350037868095,656.5
46.60101355864164,657.0
46.6274219914398,657.5
46.65266154210934,658.0
46.676789745035315,658.5
46.69986088227802,659.0
46.72192643070988,659.5
46.74303521175395,660.0
46.76323353362617,660.5
46.78256532584495,661.0
46.80107226642026,661.5
46.8187939021132,662.0
46.83576776213886,662.5
46.852029465666476,663.0
46.8676128234536,663.5
46.882549933933625,664.0
46.89687127405973,664.5
46.91060578519264,665.0
46.92378095430388,665.5
46.93642289075276,666.0
46.94855639902141,666.5
46.960205047851154,667.0
46.97139123376154,667.5
46.982136243186545,668.0
46.99246031052109,668.5
47.00238267302136,669.0
47.011921622731215,669.5
47.193732166948024,670.0
46.581025321395266,670.5
48.82376064085227,671.0
49.239623575201875,671.5
51.32461132316807,672.0
50.22329867387218,672.5
52.086942239514585,673.0
50.145048337210866,673.5
48.8499238773287,674.0
50.476555127784785,674.5
49.13124355326039,675.0
50.37565211412319,675.5
49.24738113095539,676.0
48.15690489941844,676.5
46.56284330921656,677.0
48.43006763380737,677.5
49.00444536403026,678.0
49.341066141432,678.5
49.426334549518984,679.0
49.411786890669596,679.5
49.072567469223486,680.0
48.11826040965644,680.5
48.07535974036858,681.0
48.034637710295904,681.5
47.99597357488015,682.0
47.95925359736463,682.5
47.924370639569624,683.0
47.891223775275115,683.5
47.859717925242435,684.0
47.829763512894,684.5
47.80127613967061,685.0
47.77417627909625,685.5
47.74838898859825,686.0
47.72384363815531,686.5
47.70047365487406,687.0
47.67821628262675,687.5
47.657012355916414,688.0
47.63680608717106,688.5
47.617544866704144,689.0
47.59917907461461,689.5
47.581661903935355,690.0
47.56494919437396,690.5
47.548999276023864,691.0
47.533772822457266,691.5
47.51923271264313,692.0
47.50534390116447,692.5
47.49207329623864,693.0
47.479389645072615,693.5
47.46726342611224,694.0
47.4556667477697,694.5
47.44457325323825,695.0
47.43395803102595,695.5
47.423797530862,696.0
47.41406948465003,696.5
47.404752832162174,697.0
47.3958276511859,697.5
47.38727509185332,698.0
47.37907731489872,698.5
47.371217433605565,699.0
47.36367945921876,699.5
47.35644824961155,700.0
47.349509461009305,700.5
47.34284950258428,701.0
47.336455493747366,701.5
47.330315223972654,702.0
47.324417115001424,702.5
47.318750185281104,703.0
41.855275759829084,703.5
45.89793642998131,704.0
46.935864135963435,704.5
45.28134552305644,705.0
45.49047220149531,705.5
45.90352291537123,706.0
45.69895400678692,706.5
45.64912967869654,707.0
45.25009175900374,707.5
45.71041270514232,708.0
45.74818473047136,708.5
45.60587828074932,709.0
45.63065578263368,709.5
46.607938353966276,710.0
45.48215655838596,710.5
45.65650004261218,711.0
45.45916898273568,711.5
45.48121895663547,712.0
45.51236149077021,712.5
45.48876877431893,713.0
45.642743105011974,713.5
45.69201071350582,714.0
45.625296492299384,714.5
45.612486324753824,715.0
47.55352372885933,715.5
46.41633489435742,716.0
42.89297270527981,716.5
43.36946754594637,717.0
43.947882978250306,717.5
44.31348390690921,718.0
44.2671555565677,718.5
44.20791897173656,719.0
44.08956371632081,719.5
44.20938575006342,720.0
44.22915996307565,720.5
44.12988670767693,721.0
44.084451364786005,721.5
44.04205824198442,722.0
44.06144511204592,722.5
44.14812705181626,723.0
44.18470391955796,723.5
44.22410106515684,724.0
44.327777881589476,724.5
44.4404634373431,725.0
44.5005851652054,725.5
44.50327371675664,726.0
44.504388861992666,726.5
44.445473655953,727.0
44.44069788139431,727.5
44.67547565269285,728.0
45.40251713778294,728.5
45.517576151242444,729.0
43.36085645574111,729.5
45.365540885616966,730.0
45.71259994835317,730.5
45.6619746899635,731.0
45.66003087393901,731.5
45.47763358892561,732.0
45.45094590644962,732.5
45.419596892849995,733.0
45.38302885885543,733.5
45.399877692771476,734.0
45.35782829571759,734.5
45.36903158972608,735.0
45.380081585899426,735.5
45.39049601102473,736.0
45.40029999548952,736.5
45.40952207493629,737.0
45.41818941647224,737.5
45.42632784618211,738.0
45.43396191882657,738.5
45.441114984150204,739.0
45.44780924957312,739.5
45.74695229141422,740.0
46.87877132084498,740.5
47.235147383624906,741.0
49.41922194388567,741.5
49.39320347608831,742.0
49.488318408202595,742.5
49.56118942766769,743.0
49.620715273718055,743.5
49.7202034478426,744.0
49.807307079393084,744.5
49.88519368342282,745.0
49.95420798082189,745.5
50.2772249950011,746.0
47.77949815056285,746.5
50.20512633294233,747.0
48.2169200008596,747.5
48.53683630544657,748.0
47.34728049224796,748.5
48.14779530522472,749.0
47.310689275642545,749.5
47.29354635745778,750.0
47.345396121498986,750.5
47.46263965295611,751.0
47.53691845283283,751.5
47.56424545756786,752.0
47.541122321363034,752.5
47.51921613792542,753.0
47.49841003965003,753.5
47.4786466919412,754.0
47.51534746449176,754.5
47.500864159608376,755.0
47.487241154503664,755.5
47.47432579990218,756.0
47.462081556134066,756.5
47.45047362140771,757.0
47.439469071444044,757.5
47.42903675511853,758.0
47.419147196453544,758.5
47.409772502092196,759.0
47.40088627395055,759.5
47.3924635267596,760.0
47.38448061022466,760.5
47.488954486458006,761.0
48.159319253509516,761.5
47.360465545079016,762.0
48.30338355164905,762.5
48.605922899564284,763.0
49.862019131346926,763.5
51.47140411396552,764.0
51.85367347716605,764.5
51.713819614706495,765.0
48.1432927181878,765.5
51.197164432995244,766.0
49.30582745665082,766.5
50.63117561834144,767.0
50.65564280645741,767.5
50.52812906368966,768.0
48.48562341895987,768.5
50.94781940176433,769.0
46.88366116347593,769.5
48.357177745602854,770.0
49.69909308437527,770.5
49.69256894706127,771.0
49.8250554993719,771.5
49.9061644183834,772.0
48.431172748267,772.5
48.37566302939904,773.0
48.32292556253519,773.5
48.27280777963839,774.0
48.22516592437494,774.5
48.179864546285366,775.0
48.136776021021205,775.5
48.0957800959039,776.0
48.05676345996245,776.5
48.01961933753716,777.0
47.9842471044912,777.5
47.95055192604615,778.0
47.918444415247706,778.5
47.887840311070086,779.0
47.85866017518026,779.5
47.830829106402504,780.0
47.804276471949876,780.5
47.778935654518484,781.0
47.7547438143735,781.5
47.73164166559014,782.0
47.70957326564947,782.5
47.6884858176243,783.0
47.66832948422773,783.5
47.649057213032776,784.0
47.63062457220658,784.5
47.61298959613785,785.0
47.59611264036927,785.5
47.579956245278865,786.0
47.56448500798594,786.5
47.54966546198592,787.0
47.53546596404807,787.5
47.52185658793586,788.0
47.50880902453636,788.5
47.4962964880092,789.0
47.48429362758836,789.5
47.472776444692535,790.0
47.46172221502026,790.5
47.45110941532501,791.0
47.440917654584986,791.5
47.43112760929844,792.0
47.42172096265279,792.5
47.41268034733031,793.0
47.40398929172845,793.5
47.395632169385735,794.0
47.38759415141764,794.5
47.379861161778265,795.0
47.37241983517577,795.5
47.36525747747897,796.0
47.35836202846385,796.5
47.35172202675688,797.0
47.34532657684171,797.5
47.339165318003566,798.0
47.33322839509354,798.5
47.32750643100245,799.0
47.32199050074032,799.5
47.31667210702451,800.0
47.31154315728486,800.5
47.306595942000506,801.0
41.69663057420997,801.5
45.061465631003614,802.0
46.57140118300882,802.5
44.86926606894203,803.0
45.28091368370495,803.5
45.80917759574141,804.0
45.61357765760386,804.5
45.39396763189126,805.0
44.46259510164424,805.5
45.33134871584562,806.0
45.5470776469424,806.5
45.470133034776815,807.0
45.38471716252137,807.5
46.3458565651968,808.0
45.292227678477126,808.5
45.64125214585992,809.0
45.287427037507406,809.5
45.30637067077696,810.0
45.22087061972986,810.5
44.89576085876043,811.0
45.1932393792864,811.5
45.46828099796044,812.0
45.40839981089555,812.5
45.3981710627445,813.0
47.7822517289547,813.5
46.28443453567219,814.0
42.76379434387998,814.5
43.16396688923453,815.0
43.84792887061648,815.5
44.15525225438675,816.0
44.16709309452176,816.5
44.05460622215675,817.0
44.11421500316053,817.5
44.42673695917446,818.0
44.471460913789954,818.5
44.45429617371628,819.0
44.37698562794087,819.5
44.35360625255985,820.0
44.33208988308967,820.5
44.37010485921307,821.0
44.35478692237031,821.5
44.39738166085321,822.0
44.3864374933304,822.5
44.4332299117991,823.0
44.48514260914399,823.5
44.5407738607455,824.0
44.59993953115467,824.5
44.603931259396056,825.0
44.6064541956241,825.5
44.66705662856578,826.0
44.731966306117414,826.5
44.80005066441578,827.0
44.812876775640376,827.5
44.998902880376654,828.0
45.544864901704244,828.5
42.845926322534986,829.0
44.621164676081015,829.5
44.77356835663325,830.0
44.96166553597789,830.5
44.81185726172786,831.0
44.586404335382916,831.5
44.633757369803504,832.0
44.69016103259935,832.5
44.633671627089605,833.0
44.62933256229544,833.5
44.56742215317748,834.0
44.558765307806745,834.5
44.55118795886018,835.0
44.48518564036466,835.5
44.414005673584484,836.0
44.104193665407585,836.5
43.64774339016793,837.0
43.44930484536345,837.5
43.85034650959509,838.0
44.242725033109245,838.5
44.363114148139694,839.0
44.426481928867894,839.5
45.428282849882095,840.0
45.32656811228583,840.5
44.75379042480399,841.0
44.93221485715579,841.5
44.78313386894269,842.0
44.84880954693543,842.5
45.09453284271362,843.0
45.124424383520605,843.5
45.151323493396504,844.0
45.17682426305314,844.5
45.20100332509088,845.0
45.22392333357183,845.5
45.2456438321784,846.0
45.26622148000648,846.5
45.285710194319265,847.0
45.304161285757615,847.5
45.321623586868455,848.0
45.33814357426999,848.5
45.35376548475699,849.0
45.368531425637016,849.5
45.382481479576725,850.0
45.39565380422572,850.5
45.40808472687331,851.0
45.419808834383105,851.5
45.43085905863837,852.0
45.44126675772123,852.5
45.45106179303796,853.0
45.46027260259272,853.5
45.46892627060259,854.0
45.477048593637406,854.5
45.484664143458886,855.0
45.491796326725336,855.5
45.55624897456198,856.0
45.566803107131086,856.5
45.57646088905166,857.0
45.585561388346946,857.5
45.594132234835854,858.0
45.60219800571655,858.5
45.6097820993103,859.0
45.61690680276421,859.5
45.62359334629641,860.0
45.629861954672904,860.5
45.635731896115225,861.0
45.641221528769655,861.5
45.64634834486176,862.0
45.65112901265356,862.5
45.655579416314986,863.0
45.65971469381521,863.5
45.663549272934425,864.0
45.66709690549128,864.5
45.6703706998762,865.0
45.67338315197672,865.5
45.67614617457568,866.0
45.67867112529995,866.5
45.68096883319256,867.0
45.68304962397791,867.5
45.68492334408585,868.0
45.68659938349729,868.5
45.68808669747027,869.0
45.689393827203304,869.5
45.690528919489,870.0
45.69149974540857,870.5
45.69231371811563,871.0
45.69297790975437,871.5
45.69349906755587,872.0
45.693883629153135,872.5
45.69413773715422,873.0
45.69426725300994,873.5
45.69427777021172,874.0
45.69417462685244,874.5
45.69396291758218,875.0
45.6936475049886,875.5
45.6932330304306,876.0
45.6927239243522,876.5
45.69212441610226,877.0
45.691438543284356,877.5
45.69067016066007,878.0
45.689822948627494,878.5
45.688900421295834,879.0
45.68790593417589,879.5
45.68684269150525,880.0
45.68571375322604,880.5
45.68452204163201,881.0
45.683270347701416,881.5
45.6819613371306,882.0
45.68059755608303,882.5
45.67918143666757,883.0
45.6777153021591,883.5
45.67620137197381,884.0
45.67464176641125,884.5
45.673038511174184,885.0
45.67139354167708,885.5
45.66970870715328,886.0
45.66798577457066,886.5
45.666226432364816,887.0
45.66443229399856,887.5
45.721920170717794,888.0
45.724366420470425,888.5
45.7263539949422,889.0
45.72815530834815,889.5
45.72978028368986,890.0
45.73123716863079,890.5
45.97006727884779,891.0
46.93287794465232,891.5
49.83147423365591,892.0
50.954045649434775,892.5
48.75974542226644,893.0
51.36210108640846,893.5
51.92142402166941,894.0
52.19070016068037,894.5
52.42259737716006,895.0
52.59406888949383,895.5
52.74812139156907,896.0
52.836296174725454,896.5
52.91344290496822,897.0
49.34886132264346,897.5
53.418261909556044,898.0
51.722315669994785,898.5
51.00198216502689,899.0
51.59361421933728,899.5
50.25121403001055,900.0
49.895761793485285,900.5
48.48796241701442,901.0
48.38539624314974,901.5
48.25464767286707,902.0
48.181435468248445,902.5
48.06586511313164,903.0
47.95505980425379,903.5
47.84919237616894,904.0
47.748024984879024,904.5
47.65132813410979,905.0
47.55888391078554,905.5
47.52326169453854,906.0
47.44279037353916,906.5
47.365448166068056,907.0
47.29146159353388,907.5
47.220671846067525,908.0
47.15292513963352,908.5
47.08807552140504,909.0
47.02598448763147,909.5
46.96652059388205,910.0
46.90955908373024,910.5
46.85498153564745,911.0
46.856586231279216,911.5
46.81055355812923,912.0
46.76607076716588,912.5
46.723416909355066,913.0
46.57406393432819,913.5
46.52631870065396,914.0
46.481419313871726,914.5
46.438318925060976,915.0
46.396926105711394,915.5
46.357162784260225,916.0
46.318954817078655,916.5
46.28223169489756,917.0
46.24692634994984,917.5
46.212974974614866,918.0
46.23553074732504,918.5
46.20838437007323,919.0
46.181819001029055,919.5
46.15623590266617,920.0
46.131595595670014,920.5
46.107856710301114,921.0
46.08497978259875,921.5
46.06292719061912,922.0
46.041663061635134,922.5
46.02115318409681,923.0
46.00136492436745,923.5
45.98226714796575,924.0
45.96383014505656,924.5
45.946025559948396,925.0
45.92882632436899,925.5
45.91220659430441,926.0
45.8961416901988,926.5
45.88060804032451,927.0
45.865583127142756,927.5
45.907402568830726,928.0
45.89763348357105,928.5
45.88774117103564,929.0
45.87812518744896,929.5
45.868096710664105,930.0
45.858228182911546,930.5
45.848617062686095,931.0
45.83925332200388,931.5
45.83012654043002,932.0
45.821226742095774,932.5
45.81254438242753,933.0
45.80407032898235,933.5
45.79579584311711,934.0
45.787712562502776,934.5
45.77981248444348,935.0
45.772087949961715,935.5
45.764531628613014,936.0
45.757136503995305,936.5
45.749895859919555,937.0
45.74280326721071,937.5
45.73585257110847,938.0
45.7863491981427,938.5
45.78404499789766,939.0
45.78133625522524,939.5
45.778590712067995,940.0
45.775813262307274,940.5
45.77300612717968,941.0
45.770171373391236,941.5
45.7673109387634,942.0
45.76442664003056,942.5
45.7615201800695,943.0
45.758593154707036,943.5
45.75564705913046,944.0
45.75268329392416,944.5
45.7497031707534,945.0
45.746707917715966,945.5
45.743698684380576,946.0
45.740676546530096,946.5
45.73764251062677,947.0
45.73459751801528,947.5
45.73154244887881,948.0
45.72847812596255,948.5
45.725405318077726,949.0
45.7223247433993,949.5
45.71923707256877,950.0
45.716142931613845,950.5
45.771121437998936,951.0
45.77235044131862,951.5
45.77309645552108,952.0
45.77368153134568,952.5
45.774115291522165,953.0
45.77440513478347,953.5
45.77455808218112,954.0
45.774580806441485,954.5
45.77447964966192,955.0
45.77426064003356,955.5
45.773929507701425,956.0
45.77349169980725,956.5
45.77295239475797,957.0
45.77231651576041,957.5
45.771588743660544,958.0
45.770773529123716,958.5
45.76987510419035,959.0
45.76889749323949,959.5
45.76784452339147,960.0
45.766719834378506,960.5
45.76552688791135,961.0
45.76426897656786,961.5
45.76294923222867,962.0
45.761570634083114,962.5
45.76013601622816,963.0
45.75864807488104,963.5
45.75710937522589,964.0
45.75552235791309,964.5
45.75388934522959,965.0
45.752212546956805,965.5
45.750494065932564,966.0
45.748735903332204,966.5
45.74693996368324,967.0
45.74510805962749,967.5
45.6842583837047,968.0
45.50066081044199,968.5
44.887379033966475,969.0
45.41668192158342,969.5
45.407530886796735,970.0
45.452388170727524,970.5
45.4427879655923,971.0
45.49241560941407,971.5
45.48737191738748,972.0
45.48194800920671,972.5
45.476601939707294,973.0
45.471333967521666,973.5
45.52569067487459,974.0
45.525045588806215,974.5
45.464380146722334,975.0
45.45859693244887,975.5
45.45335791372678,976.0
45.44819674991791,976.5
45.50280879888594,977.0
45.502269573850086,977.5
45.501226795869,978.0
45.559781337668895,978.5
45.562949327450774,979.0
45.80416987923863,979.5
45.88222654489992,980.0
45.90373115198896,980.5
46.873040405801156,981.0
46.00718479516283,981.5
45.72709504005227,982.0
45.54183219713669,982.5
45.94235944472418,983.0
45.776706745203846,983.5
45.77529336501474,984.0
45.77461024832122,984.5
45.77387120480014,985.0
45.773075089395604,985.5
45.77222444024759,986.0
45.771321698420365,986.5
45.77036919487153,987.0
45.76936915543329,987.5
45.76832370564371,988.0
45.76723487535119,988.5
45.76610460310291,989.0
45.76493474032737,989.5
45.763727055321226,990.0
45.76248323704938,990.5
45.7612048987678,991.0
45.759893581477115,991.5
45.75855075721518,992.0
45.757177832196575,992.5
45.755776149805854,993.0
45.75434699345197,993.5
45.75289158929016,994.0
45.75141110881768,994.5
45.74990667134954,995.0
45.74837934637961,995.5
45.746830155832704,996.0
45.745260076212936,996.5
45.743670040652844,997.0
45.74206094086843,997.5
45.7404336290241,998.0
45.73878891951217,998.5
45.73712759065057,999.0
45.73545038630281,999.5
45.73375801742384,1000.0
45.7320511635351,1000.5
45.73033047413234,1001.0
45.72859657002911,1001.5
45.726850044639015,1002.0
45.72509146519959,1002.5
45.72332137394054,1003.0
45.7215402891989,1003.5
45.719748706483465,1004.0
45.71794709949108,1004.5
45.71613592107685,1005.0
45.71431560418037,1005.5
45.71248656271022,1006.0
45.71064919238834,1006.5
45.70880387155645,1007.0
45.70695096194605,1007.5
45.70509080941371,1008.0
45.70322374464335,1008.5
45.701350083816884,1009.0
45.699470129254806,1009.5
45.69758417002797,1010.0
45.69569248254201,1010.5
45.693795331095515,1011.0
45.69189296841332,1011.5
45.689985636155825,1012.0
45.68807356540571,1012.5
45.686156977132796,1013.0
45.68423608263833,1013.5
45.68231108397927,1014.0
45.68038217437389,1014.5
45.86172521999967,1015.0
45.87216292089229,1015.5
45.88189004499367,1016.0
45.89114129173901,1016.5
45.89993934994259,1017.0
45.908305574738776,1017.5
45.91626030003609,1018.0
45.92382288838786,1018.5
45.93101177810199,1019.0
45.93784452803252,1019.5
45.94433786016835,1020.0
45.950507700128966,1020.5
45.956369215671046,1021.0
45.961936853305154,1021.5
45.96722437311614,1022.0
45.972244881876904,1022.5
45.97701086454003,1023.0
45.98153421418802,1023.5
45.98582626051852,1024.0
45.989897796937456,1024.5
45.99375910632879,1025.0
45.99741998556677,1025.5
46.0008897688329,1026.0
46.00417734979653,1026.5
46.007291202715834,1027.0
46.01023940251196,1027.5
46.013029643867405,1028.0
46.015669259396844,1028.5
46.01816523693586,1029.0
46.02052423599137,1029.5
46.02275260339487,1030.0
46.024856388197854,1030.5
45.84284877801702,1031.0
45.58529499809143,1031.5
45.184796875291745,1032.0
45.62773398747815,1032.5
45.677994667807695,1033.0
45.667920341874265,1033.5
45.6578302511783,1034.0
45.64808797812433,1034.5
45.63867960018591,1035.0
45.6295895800369,1035.5
45.62080309918127,1036.0
45.61230603783173,1036.5
45.60408494162356,1037.0
45.59612698985055,1037.5
45.588419965236334,1038.0
45.58095222516711,1038.5
45.57371267431394,1039.0
45.56669073857628,1039.5
45.559876340282734,1040.0
45.55325987458702,1040.5
45.54683218700111,1041.0
45.54058455200977,1041.5
45.53450865271401,1042.0
45.52859656145303,1042.5
45.522840721357106,1043.0
45.57956465688033,1043.5
45.57852012631385,1044.0
45.76399755638539,1044.5
45.837123859018156,1045.0
45.851499555372506,1045.5
45.86520411795966,1046.0
45.94023686536049,1046.5
45.9566488044707,1047.0
45.97238692709316,1047.5
46.04929611784623,1048.0
46.06750956340474,1048.5
46.085056520812415,1049.0
46.163622716299365,1049.5
46.18343271519369,1050.0
46.26429543644238,1050.5
46.28630999841939,1051.0
46.184441893218775,1051.5
46.258976236121235,1052.0
46.274697406653274,1052.5
46.289961076583516,1053.0
46.36626831193058,1053.5
46.38395888154125,1054.0
46.40118796458848,1054.5
46.356099811654815,1055.0
46.36817902434134,1055.5
46.37956057045428,1056.0
46.39048234132704,1056.5
46.3392672958376,1057.0
46.34548480733994,1057.5
46.351324887717865,1058.0
46.35694197136637,1058.5
46.30052620732951,1059.0
46.30178815194611,1059.5
46.30294936720315,1060.0
46.24213595835999,1060.5
46.23921116422982,1061.0
41.457258206441246,1061.5
44.962013747349,1062.0
45.174875515196206,1062.5
45.208208552411364,1063.0
45.118245656944794,1063.5
45.08645270575185,1064.0
45.11981080846961,1064.5
45.0961257460645,1065.0
45.07257268855194,1065.5
45.17624747987105,1066.0
45.668443856862446,1066.5
46.06276626233297,1067.0
45.23678850417831,1067.5
45.21264697865083,1068.0
45.13416279494799,1068.5
45.114432910930475,1069.0
45.09604784789162,1069.5
45.078305355477376,1070.0
45.06116843682636,1070.5
45.04460923212917,1071.0
45.02860125797189,1071.5
45.01311925689039,1072.0
44.99813913909665,1072.5
44.98363792795512,1073.0
44.96959370804217,1073.5
44.95598557565424,1074.0
44.942793591647686,1074.5
44.92999873649917,1075.0
44.917582867481144,1075.5
44.90552867785146,1076.0
44.89381965796161,1076.5
44.88244005819223,1077.0
44.87137485362919,1077.5
44.86060971039756,1078.0
44.85013095357491,1078.5
44.839925536608945,1079.0
44.82998101216825,1079.5
44.82028550435849,1080.0
44.810827682238866,1080.5
44.80159673457813,1081.0
44.792582345790905,1081.5
44.78377467299884,1082.0
44.838812969226225,1082.5
44.83524545370266,1083.0
44.83106569085256,1083.5
44.82688699349326,1084.0
44.82271563918674,1084.5
44.81855149373408,1085.0
44.814394357913535,1085.5
44.810244034722224,1086.0
44.80610033023253,1086.5
44.801963053727064,1087.0
44.7978320178082,1087.5
44.793707038490666,1088.0
44.789587935278526,1088.5
44.785474531228054,1089.0
44.78136665299737,1089.5
44.777264130884205,1090.0
44.77316679885247,1090.5
44.76907449454884,1091.0
44.76498705931013,1091.5
44.76090433816214,1092.0
44.75682617981113,1092.5
44.75275243662801,1093.0
44.74868296462659,1093.5
44.744617623435886,1094.0
44.74055627626752,1094.5
44.73649878987851,1095.0
44.73244503452985,1095.5
44.664679435839666,1096.0
44.84711377099403,1096.5
44.59886009680199,1097.0
44.519120564989024,1097.5
44.62958100145632,1098.0
44.68725909200464,1098.5
44.684700805836314,1099.0
44.61770082667656,1099.5
44.60947472156375,1100.0
44.60209150062736,1100.5
44.59485077312378,1101.0
44.58773804975081,1101.5
44.58074735340113,1102.0
44.5738730774564,1102.5
44.567109875538286,1103.0
44.560452648253744,1103.5
44.55389653166629,1104.0
44.54743688632289,1104.5
44.60498984388472,1105.0
44.60358870008485,1105.5
44.60146976311712,1106.0
44.663097466001005,1106.5
44.665585183268725,1107.0
44.667274311993246,1107.5
44.73184548264509,1108.0
44.73672742283602,1108.5
44.74074821977234,1109.0
44.808215579623806,1109.5
44.816262603782356,1110.0
45.078311516383664,1110.5
45.10252785467526,1111.0
45.125290201637945,1111.5
45.21029028464055,1112.0
45.2351842682997,1112.5
45.258919875444306,1113.0
45.2815515811004,1113.5
45.366301382292875,1114.0
45.39104042139317,1114.5
45.41473156068437,1115.0
45.4373513429746,1115.5
45.521973574086395,1116.0
45.483739958603515,1116.5
45.62933812510068,1117.0
46.5353622000607,1117.5
46.59767212346442,1118.0
45.69207848340698,1118.5
45.578604904106,1119.0
45.8316027708877,1119.5
45.97374672597824,1120.0
46.43439437470326,1120.5
46.85002263185334,1121.0
47.15907649433365,1121.5
47.35816653817956,1122.0
47.502628148671974,1122.5
47.648245017813196,1123.0
47.73323244121758,1123.5
47.816278331773525,1124.0
47.83580799922792,1124.5
47.79023468624027,1125.0
47.855731799114814,1125.5
47.37649044091714,1126.0
47.16732894096739,1126.5
48.820089126197416,1127.0
50.55965625261104,1127.5
52.66476712475329,1128.0
51.106160941299336,1128.5
49.52660370757422,1129.0
51.1453006119836,1129.5
52.069595508519924,1130.0
52.61445463446543,1130.5
52.81882909027814,1131.0
53.14784962299559,1131.5
53.66671668679117,1132.0
53.9106854757745,1132.5
54.020273701743015,1133.0
49.21423968589316,1133.5
54.356886214138214,1134.0
50.82105006738649,1134.5
52.50328508688764,1135.0
53.82627237277731,1135.5
54.04592030281619,1136.0
54.734410461036106,1136.5
54.77274668554951,1137.0
50.07247004405649,1137.5
55.38073142035068,1138.0
51.49343717481139,1138.5
52.732204353735824,1139.0
54.05383153152345,1139.5
54.46676071839832,1140.0
54.90667045048091,1140.5
55.394479851681126,1141.0
55.529565254065275,1141.5
55.59913608863117,1142.0
55.663463527652006,1142.5
55.71832170391161,1143.0
55.721833612303506,1143.5
55.761664589549476,1144.0
55.53626260038805,1144.5
51.44819148582373,1145.0
55.686119992386374,1145.5
53.11605753540638,1146.0
55.14223545220363,1146.5
55.97382312706376,1147.0
56.1964812656249,1147.5
56.18228211125455,1148.0
56.21832852801836,1148.5
56.20325672360931,1149.0
56.183999134695824,1149.5
56.15752743557205,1150.0
56.128009265314745,1150.5
55.97717501042195,1151.0
55.78238784878242,1151.5
54.35102872003687,1152.0
55.23050815240668,1152.5
54.9334160360265,1153.0
55.993567440612686,1153.5
56.110033780328344,1154.0
55.98462469259404,1154.5
55.672039550133995,1155.0
55.53983214925328,1155.5
55.731695206993706,1156.0
55.76026968698212,1156.5
55.344424700765785,1157.0
52.270443333878205,1157.5
55.65782792128273,1158.0
54.55966772713147,1158.5
53.52976511624339,1159.0
53.523562659997154,1159.5
51.8398609103148,1160.0
51.63932867218429,1160.5
51.448993531575226,1161.0
51.26844442987292,1161.5
51.097261321015694,1162.0
50.9350205535639,1162.5
50.78129951891817,1163.0
50.63568056211297,1163.5
50.49775418580498,1164.0
50.36712160044299,1164.5
50.24339668652211,1165.0
50.12620744055541,1165.5
50.01519697694401,1166.0
49.91002415495626,1166.5
49.81036389485612,1167.0
49.71590724084524,1167.5
49.62636122162503,1168.0
49.54144855253792,1168.5
49.46090721673472,1169.0
49.384489956824936,1169.5
49.31196370309743,1170.0
49.2431089596778,1170.5
49.177719165906076,1171.0
49.115600046733526,1171.5
49.056568962997304,1172.0
49.00045426997737,1172.5
48.94709469060918,1173.0
48.896338708061776,1173.5
48.8480439810374,1174.0
48.80207678405996,1174.5
48.75831147415001,1175.0
48.716629984597915,1175.5
48.67692134601114,1176.0
48.63908123440044,1176.5
48.60301154575811,1177.0
48.568619996352616,1177.5
48.53581974779946,1178.0
48.50452905585672,1178.5
48.474670941823696,1179.0
48.44617288538278,1179.5
48.418966537713054,1180.0
