R2 [Ohm],Zeit [s]
0.0013013399999999998,0.0
0.0013013399999999998,0.5
0.0013013399999999998,1.0
0.0013013399999999998,1.5
0.0013013399999999998,2.0
0.0013013399999999998,2.5
0.0013013399999999998,3.0
0.0013013399999999998,3.5
0.0013013399999999998,4.0
0.0013013399999999998,4.5
0.0013013399999999998,5.0
0.0013013399999999998,5.5
0.0013013399999999998,6.0
0.0013013399999999998,6.5
0.0013013399999999998,7.0
0.0013013399999999998,7.5
0.0013013399999999998,8.0
0.0013013399999999998,8.5
0.0013013399999999998,9.0
0.0013013399999999998,9.5
0.0013013399999999998,10.0
0.0013013399999999998,10.5
0.0013013399999999998,11.0
0.0013013399999999998,11.5
0.0012986648414394246,12.0
0.0012880756721371477,12.5
0.0012850661187565006,13.0
0.0012786011522351105,13.5
0.001272582045473816,14.0
0.0012617699462914916,14.5
0.0012511807769892145,15.0
0.00124516167022792,15.5
0.0012447158104678243,16.0
0.0012433782311875368,16.5
0.0012422635817872971,17.0
0.0012420406519072491,17.5
0.0012422635817872971,18.0
0.0012423750467273208,18.5
0.0012424865116673449,19.0
0.001242597976607369,19.5
0.001242709441547393,20.0
0.0012428209064874168,20.5
0.0012429323714274409,21.0
0.0012430438363674648,21.5
0.0012431553013074889,22.0
0.0012432667662475127,22.5
0.001241817722027201,23.0
0.0012374705893662664,23.5
0.0012364674049060507,24.0
0.0012369132646661465,24.5
0.0012374705893662664,25.0
0.0012401457479268418,25.5
0.0012439355558876565,26.0
0.00124516167022792,26.5
0.00124516167022792,27.0
0.00124516167022792,27.5
0.00124516167022792,28.0
0.00124516167022792,28.5
0.00124516167022792,29.0
0.00124516167022792,29.5
0.00124516167022792,30.0
0.00124516167022792,30.5
0.00124516167022792,31.0
0.00124516167022792,31.5
0.00124516167022792,32.0
0.00124516167022792,32.5
0.00124516167022792,33.0
0.00124516167022792,33.5
0.00124516167022792,34.0
0.00124516167022792,34.5
0.00124516167022792,35.0
0.00124516167022792,35.5
0.00124516167022792,36.0
0.00124516167022792,36.5
0.00124516167022792,37.0
0.00124516167022792,37.5
0.00124516167022792,38.0
0.00124516167022792,38.5
0.00124516167022792,39.0
0.00124516167022792,39.5
0.00124516167022792,40.0
0.00124516167022792,40.5
0.00124516167022792,41.0
0.00124516167022792,41.5
0.00124516167022792,42.0
0.00124516167022792,42.5
0.00124516167022792,43.0
0.00124516167022792,43.5
0.00124516167022792,44.0
0.00124516167022792,44.5
0.00124516167022792,45.0
0.00124516167022792,45.5
0.00124516167022792,46.0
0.00124516167022792,46.5
0.00124516167022792,47.0
0.00124516167022792,47.5
0.00124516167022792,48.0
0.00124516167022792,48.5
0.00124516167022792,49.0
0.00124516167022792,49.5
0.00124516167022792,50.0
0.0012341266411655476,50.5
0.0012298909734446365,51.0
0.001228776324044397,51.5
0.0012244291913834622,52.0
0.001220862313302695,52.5
0.001218521549562192,53.0
0.001215177601361473,53.5
0.0012073750555597952,54.0
0.0011997954396381653,54.5
0.0011925502185366076,55.0
0.0011847476727349297,55.5
0.0011767221970532039,56.0
0.0011768336619932282,56.5
0.0011762763372931081,57.0
0.0011654642381107834,57.5
0.0011581075520692014,58.0
0.0011516425855478114,58.5
0.0011448432242063492,59.0
0.0011377094680448153,59.5
0.0011303527820032333,60.0
0.0011228846310216275,60.5
0.0011169769892003575,61.0
0.001112183996779327,61.5
0.001111403742199159,62.0
0.001111403742199159,62.5
0.0011095088382187513,63.0
0.0011085056537585359,63.5
0.0011087285836385837,64.0
0.0011089515135186316,64.5
0.0011092859083387033,65.0
0.0011093973732787276,65.5
0.0011093973732787276,66.0
0.0011093973732787276,66.5
0.0011092859083387033,67.0
0.0011089515135186316,67.5
0.00110861711869856,68.0
0.001108282723878488,68.5
0.001107948329058416,69.0
0.0011076139342383442,69.5
0.0011072795394182723,70.0
0.0011069451445982004,70.5
0.0011066107497781283,71.0
0.0011062763549580564,71.5
0.0011059419601379848,72.0
0.0011056075653179125,72.5
0.0011052731704978406,73.0
0.001104938775677769,73.5
0.001104604380857697,74.0
0.0011042699860376248,74.5
0.001103935591217553,75.0
0.0011036011963974815,75.5
0.0011032668015774094,76.0
0.0011029324067573373,76.5
0.0011025980119372656,77.0
0.0011022636171171937,77.5
0.0011019292222971214,78.0
0.00110159482747705,78.5
0.001101260432656978,79.0
0.001100926037836906,79.5
0.001100591643016834,80.0
0.001100257248196762,80.5
0.0010999228533766904,81.0
0.0010995884585566185,81.5
0.0010992540637365467,82.0
0.0010989196689164746,82.5
0.0010985852740964031,83.0
0.0010982508792763308,83.5
0.0010981394143363067,84.0
0.0010980279493962826,84.5
0.0010984738091563788,85.0
0.0010965789051759712,85.5
0.0010995884585566185,86.0
0.0011040470561575772,86.5
0.001111626672079207,87.0
0.0011129642513594946,87.5
0.0011176457788405014,88.0
0.001118426033420669,88.5
0.001118426033420669,89.0
0.0011214355868013161,89.5
0.0011246680700620114,90.0
0.0011275661585026344,90.5
0.0011307986417633295,91.0
0.0011307986417633295,91.5
0.0011291266676629699,92.0
0.0011311330365834013,92.5
0.001133027940563809,93.0
0.0011342540549040727,93.5
0.0011362604238245038,94.0
0.0011386011875650073,94.5
0.0011419451357657265,95.0
0.0011419451357657265,95.5
0.0011419451357657265,96.0
0.0011419451357657265,96.5
0.0011419451357657265,97.0
0.0011419451357657265,97.5
0.0011419451357657265,98.0
0.0011419451357657265,98.5
0.0011419451357657265,99.0
0.0011419451357657265,99.5
0.0011419451357657265,100.0
0.0011419451357657265,100.5
0.0011419451357657265,101.0
0.0011419451357657265,101.5
0.0011419451357657265,102.0
0.0011419451357657265,102.5
0.0011419451357657265,103.0
0.0011419451357657265,103.5
0.0011419451357657265,104.0
0.0011419451357657265,104.5
0.0011419451357657265,105.0
0.0011419451357657265,105.5
0.0011419451357657265,106.0
0.0011419451357657265,106.5
0.0011419451357657265,107.0
0.0011419451357657265,107.5
0.0011419451357657265,108.0
0.0011419451357657265,108.5
0.0011419451357657265,109.0
0.0011419451357657265,109.5
0.0011419451357657265,110.0
0.0011419451357657265,110.5
0.0011419451357657265,111.0
0.0011419451357657265,111.5
0.0011419451357657265,112.0
0.0011419451357657265,112.5
0.0011419451357657265,113.0
0.0011419451357657265,113.5
0.0011419451357657265,114.0
0.0011419451357657265,114.5
0.0011419451357657265,115.0
0.0011419451357657265,115.5
0.0011419451357657265,116.0
0.0011418336708257021,116.5
0.0011418336708257021,117.0
0.0011418336708257021,117.5
0.0011418336708257021,118.0
0.0011307986417633295,118.5
0.0011275661585026344,119.0
0.001126228579222347,119.5
0.0011226617011415797,120.0
0.001119429217880885,120.5
0.0011174228489604534,121.0
0.0011148591553399021,121.5
0.0011107349525590151,122.0
0.001104381450977649,122.5
0.001100926037836906,123.0
0.0010980279493962826,123.5
0.0010954642557757317,124.0
0.0010929005621551802,124.5
0.0010929005621551802,125.0
0.0010924084300100614,125.5
0.0010955977162896255,126.0
0.0010999829849240265,126.5
0.001104368253558427,127.0
0.0011097501741551912,127.5
0.0011195173633863562,128.0
0.0011258959359454843,128.5
0.0011288858918325755,129.0
0.0011320751781121398,129.5
0.0011354637947841762,130.0
0.0011388524114562134,130.5
0.0011424403585207229,131.0
0.0011460283055852324,131.5
0.0011514102261819966,132.0
0.0011581874595260702,132.5
0.001160180763450798,133.0
0.001160180763450798,133.5
0.0011717419262142175,134.0
0.001182705097800219,134.5
0.0011920736262464383,135.0
0.001200445502730294,135.5
0.001208618048821677,136.0
0.0012169899253055326,136.5
0.001225361801789388,137.0
0.0012333350174882985,137.5
0.001241108902794736,138.0
0.0012484841273162277,138.5
0.0012556600214452466,139.0
0.0012622379243968475,139.5
0.0012678191753860845,140.0
0.0012718057832355398,140.5
0.0012755930606925222,141.0
0.0012795796685419775,141.5
0.001283765606783905,142.0
0.0012879515450258333,142.5
0.00129134016169787,143.0
0.0012925361440527063,143.5
0.0012937321264075428,144.0
0.0012937321264075428,144.5
0.0012909415009129243,145.0
0.0012923368136602334,145.5
0.0012933334656225971,146.0
0.0012945294479774338,146.5
0.0012961240911172158,147.0
0.0012979180646494706,147.5
0.0012995127077892526,148.0
0.0013011073509290347,148.5
0.0013029013244612896,149.0
0.0013044959676010719,149.5
0.0013060906107408537,150.0
0.0013076852538806355,150.5
0.0013092798970204178,151.0
0.0013108745401602,151.5
0.001312469183299982,152.0
0.0013140638264397644,152.5
0.0013156584695795462,153.0
0.0013172531127193284,153.5
0.0013188477558591103,154.0
0.001320442398998892,154.5
0.0013216383813537292,155.0
0.0013186484254666374,155.5
0.0013154591391870733,156.0
0.0013068879323107452,156.5
0.0012977187342569983,157.0
0.001288948196988197,157.5
0.0012805763205043414,158.0
0.0012724037744129583,158.5
0.0012644305587140485,159.0
0.001256656673407611,159.5
0.0012488827881011737,160.0
0.0012413082331872091,160.5
0.0012329363567033535,161.0
0.0012329363567033535,161.5
0.0012329363567033535,162.0
0.0012331356870958262,162.5
0.0012327370263108808,163.0
0.0012339330086657174,163.5
0.0012333350174882987,164.0
0.0012351289910205536,164.5
0.001236723634160336,165.0
0.0012379196165151721,165.5
0.0012389162684775363,166.0
0.001239713590047427,166.5
0.001239713590047427,167.0
0.001239713590047427,167.5
0.001239713590047427,168.0
0.0012395142596549542,168.5
0.0012393149292624817,169.0
0.001239115598870009,169.5
0.0012389162684775363,170.0
0.0012387169380850636,170.5
0.0012385176076925909,171.0
0.0012383182773001182,171.5
0.0012381189469076455,172.0
0.0012379196165151725,172.5
0.0012377202861226996,173.0
0.001237520955730227,173.5
0.0012373216253377542,174.0
0.0012371222949452815,174.5
0.0012369229645528086,175.0
0.0012367236341603361,175.5
0.0012361256429829178,176.0
0.0012337336782732447,176.5
0.001235128991020554,177.0
0.001233534347880772,177.5
0.0012307437223861531,178.0
0.0012233684978646617,178.5
0.001210013361568987,179.0
0.0011954622429184757,179.5
0.0011821071066228012,180.0
0.0011821071066228012,180.5
0.0011693499615045453,181.0
0.00116536335365509,181.5
0.0011579881291335981,182.0
0.0011510115653970516,182.5
0.0011430383496981418,183.0
0.0011430383496981418,183.5
0.0011274905790852668,184.0
0.0011316765173271944,184.5
0.001128088570262685,185.0
0.0011229059800583936,185.5
0.0011177233898541018,186.0
0.0011135374516121743,186.5
0.0011087535221928277,187.0
0.0011087535221928277,187.5
0.0011087535221928277,188.0
0.0011087535221928277,188.5
0.0011087535221928277,189.0
0.0011087535221928277,189.5
0.0011087535221928277,190.0
0.0011087535221928277,190.5
0.0011087535221928277,191.0
0.0011087535221928277,191.5
0.0011087535221928277,192.0
0.0011087535221928277,192.5
0.0011087535221928277,193.0
0.0011087535221928277,193.5
0.0011087535221928277,194.0
0.0011087535221928277,194.5
0.0011087535221928277,195.0
0.0011087535221928277,195.5
0.0011087535221928277,196.0
0.0011087535221928277,196.5
0.0011087535221928277,197.0
0.0011087535221928277,197.5
0.0011087535221928277,198.0
0.0011087535221928277,198.5
0.0011087535221928277,199.0
0.0011087535221928277,199.5
0.0011087535221928277,200.0
0.0011087535221928277,200.5
0.0011087535221928277,201.0
0.0011087535221928277,201.5
0.0011087535221928277,202.0
0.0011087535221928277,202.5
0.0011087535221928277,203.0
0.0011087535221928277,203.5
0.0011087535221928277,204.0
0.0011087535221928277,204.5
0.0011087535221928277,205.0
0.0011087535221928277,205.5
0.0011087535221928277,206.0
0.0011087535221928277,206.5
0.0011149327643594832,207.0
0.0011320751781121398,207.5
0.0011358624555691224,208.0
0.0011434370104830872,208.5
0.0011476229487250148,209.0
0.0011557954948163982,209.5
0.001162174067375526,210.0
0.0011615760761981076,210.5
0.0011607787546282166,211.0
0.001157190807563707,211.5
0.0011547988428540342,212.0
0.0011530048693217793,212.5
0.0011510115653970516,213.0
0.0011490182614723242,213.5
0.0011470249575475967,214.0
0.001145031653622869,214.5
0.0011430383496981414,215.0
0.001141045045773414,215.5
0.0011390517418486865,216.0
0.001137058437923959,216.5
0.0011350651339992314,217.0
0.0011330718300745037,217.5
0.0011298825437949399,218.0
0.001127291248692794,218.5
0.0011288858918325761,219.0
0.0011268925879078485,219.5
0.0011252979447680667,220.0
0.0011219093280960297,220.5
0.0011177233898541018,221.0
0.0011135374516121743,221.5
0.0011089528525853008,222.0
0.0011089528525853008,222.5
0.0011089528525853008,223.0
0.0011089528525853008,223.5
0.0011089528525853008,224.0
0.0011089528525853008,224.5
0.0011089528525853008,225.0
0.0011089528525853008,225.5
0.0011089528525853008,226.0
0.0011089528525853008,226.5
0.0011089528525853008,227.0
0.0011089528525853008,227.5
0.0011089528525853008,228.0
0.0011089528525853008,228.5
0.0011089528525853008,229.0
0.0011089528525853008,229.5
0.0011089528525853008,230.0
0.0011089528525853008,230.5
0.0011089528525853008,231.0
0.0011089528525853008,231.5
0.0011089528525853008,232.0
0.0011089528525853008,232.5
0.0011089528525853008,233.0
0.0011089528525853008,233.5
0.0011089528525853008,234.0
0.0011089528525853008,234.5
0.0011089528525853008,235.0
0.0011089528525853008,235.5
0.0011089528525853008,236.0
0.0011089528525853008,236.5
0.0011089528525853008,237.0
0.0011089528525853008,237.5
0.0011089528525853008,238.0
0.0011089528525853008,238.5
0.0011089528525853008,239.0
0.0011089528525853008,239.5
0.0011089528525853008,240.0
0.0011089528525853008,240.5
0.0011089528525853008,241.0
0.0011089528525853008,241.5
0.0011089528525853008,242.0
0.0011089528525853008,242.5
0.0011089528525853008,243.0
0.0011089528525853008,243.5
0.0011089528525853008,244.0
0.0011089528525853008,244.5
0.0011089528525853008,245.0
0.0011278892398702122,245.5
0.001130281204579885,246.0
0.0011332711604669764,246.5
0.0011392510722411592,247.0
0.0011438356712680324,247.5
0.0011468256271551238,248.0
0.0011504135742196333,248.5
0.0011538021908916703,249.0
0.001158187459526071,249.5
0.001161177415413162,250.0
0.0011641673713002534,250.5
0.0011683533095421812,251.0
0.001161974736983053,251.5
0.001161974736983053,252.0
0.001170944604644327,252.5
0.0011779211683808734,253.0
0.0011858943840797837,253.5
0.001195262912526003,254.0
0.0012046314409722223,254.5
0.0012124053262786596,255.0
0.0012167905949130601,255.5
0.0012207772027625153,256.0
0.001220976533154988,256.5
0.0012205778723700428,257.0
0.0012187838988377878,257.5
0.0012187838988377878,258.0
0.001216192603735642,258.5
0.0012149966213808056,259.0
0.001213800639025969,259.5
0.0012126046566711326,260.0
0.0012114086743162961,260.5
0.0012102126919614595,261.0
0.001209016709606623,261.5
0.0012102126919614595,262.0
0.0012110100135313507,262.5
0.0012110100135313507,263.0
0.0012110100135313507,263.5
0.001210810683138878,264.0
0.001210611352746405,264.5
0.0012104120223539326,265.0
0.0012102126919614595,265.5
0.001210013361568987,266.0
0.0012098140311765143,266.5
0.0012096147007840414,267.0
0.0012094153703915687,267.5
0.001209216039999096,268.0
0.001209016709606623,268.5
0.0012088173792141504,269.0
0.0012086180488216779,269.5
0.0012084187184292052,270.0
0.0012082193880367325,270.5
0.0012080200576442596,271.0
0.0012078207272517869,271.5
0.0012076213968593144,272.0
0.0012074220664668415,272.5
0.0012072227360743685,273.0
0.001207023405681896,273.5
0.0012068240752894231,274.0
0.0012066247448969504,274.5
0.0012064254145044777,275.0
0.001206226084112005,275.5
0.0012060267537195321,276.0
0.0012058274233270596,276.5
0.0012056280929345867,277.0
0.0012054287625421138,277.5
0.0012052294321496413,278.0
0.0012050301017571686,278.5
0.0012048307713646961,279.0
0.001204631440972223,279.5
0.0012036347890098595,280.0
0.0012050301017571686,280.5
0.001198252868413095,281.0
0.0011912763046765485,281.5
0.001177123846810983,282.0
0.0011647653624776723,282.5
0.0011496162526497431,283.0
0.0011410450457734146,283.5
0.001137656429101378,284.0
0.0011306798653648313,284.5
0.0011243012928057034,285.0
0.0011185207114239935,285.5
0.0011125407996498107,286.0
0.0011125407996498107,286.5
0.0011143347731820655,287.0
0.0011089528525853013,287.5
0.0011053649055207918,288.0
0.0010997836545315548,288.5
0.0010957970466820995,289.0
0.0010912124476552265,289.5
0.0010933464219152758,290.0
0.0010933464219152758,290.5
0.0010933464219152758,291.0
0.0010933464219152758,291.5
0.0010933464219152758,292.0
0.0010933464219152758,292.5
0.0010933464219152758,293.0
0.0010933464219152758,293.5
0.0010933464219152758,294.0
0.0010933464219152758,294.5
0.0010933464219152758,295.0
0.0010933464219152758,295.5
0.0010933464219152758,296.0
0.0010933464219152758,296.5
0.0010933464219152758,297.0
0.0010933464219152758,297.5
0.0010933464219152758,298.0
0.0010933464219152758,298.5
0.0010933464219152758,299.0
0.0010933464219152758,299.5
0.0010933464219152758,300.0
0.0010933464219152758,300.5
0.0010933464219152758,301.0
0.0010933464219152758,301.5
0.0010933464219152758,302.0
0.0010933464219152758,302.5
0.0010933464219152758,303.0
0.0010933464219152758,303.5
0.0010933464219152758,304.0
0.0010933464219152758,304.5
0.0010933464219152758,305.0
0.0010933464219152758,305.5
0.0010933464219152758,306.0
0.0010933464219152758,306.5
0.0010933464219152758,307.0
0.0010933464219152758,307.5
0.0010933464219152758,308.0
0.0010933464219152758,308.5
0.0010933464219152758,309.0
0.0010933464219152758,309.5
0.0010933464219152758,310.0
0.0010933464219152758,310.5
0.0010933464219152758,311.0
0.0010933464219152758,311.5
0.0010933464219152758,312.0
0.0010933464219152758,312.5
0.0010933464219152758,313.0
0.0011057635663057372,313.5
0.001108554191800356,314.0
0.001111544147687447,314.5
0.0011175240594616296,315.0
0.001122108658488503,315.5
0.0011250986143755944,316.0
0.0011288858918325768,316.5
0.0011324738388970863,317.0
0.0011368591075314868,317.5
0.0011396497330261055,318.0
0.0011422410281282513,318.5
0.0011452309840153424,319.0
0.0011482209399024338,319.5
0.001148021609509961,320.0
0.0011518088869669437,320.5
0.0011549981732465076,321.0
0.0011583867899185444,321.5
0.0011615760761981085,322.0
0.001164366701692727,322.5
0.001166957996794873,323.0
0.0011689513007196004,323.5
0.0011711439350368007,324.0
0.0011733365693540007,324.5
0.0011757285340636737,325.0
0.0011781204987733468,325.5
0.0011805124634830199,326.0
0.0011827050978002204,326.5
0.0011848977321174204,327.0
0.0011848977321174204,327.5
0.001189482331144294,328.0
0.0012000468419453498,328.5
0.0012096147007840418,329.0
0.001216989925305534,329.5
0.0012231691674721892,330.0
0.0012287504184614261,330.5
0.0012343316694506637,331.0
0.0012399129204399002,331.5
0.0012452948410366649,332.0
0.001250477431240956,332.5
0.0012554606910527752,333.0
0.0012600452900796487,333.5
0.0012644305587140492,334.0
0.0012684171665635043,334.5
0.0012720051136280136,335.0
0.0012751943999075779,335.5
0.001278383686187142,336.0
0.0012817723028591785,336.5
0.0012851609195312155,337.0
0.001288748866595725,337.5
0.001291738822482816,338.0
0.0012923368136602347,338.5
0.0012909415009129252,339.0
0.0012909415009129252,339.5
0.0012915394920903437,340.0
0.0012913401616978706,340.5
0.001291140831305398,341.0
0.001291140831305398,341.5
0.0012921374832677618,342.0
0.0012933334656225984,342.5
0.0012947287783699078,343.0
0.0012963234215096898,343.5
0.0012979180646494717,344.0
0.001299512707789254,344.5
0.0013013066813215089,345.0
0.0013031006548537636,345.5
0.0013048946283860184,346.0
0.0013066886019182731,346.5
0.0013084825754505279,347.0
0.0013102765489827826,347.5
0.0013118711921225646,348.0
0.001313465835262347,348.5
0.001315060478402129,349.0
0.001316655121541911,349.5
0.0013174524431118022,350.0
0.001314263156832238,350.5
0.0013106752097677282,351.0
0.0013005093597516183,351.5
0.001290343509735508,352.0
0.0012803769901118698,352.5
0.0012708091312731778,353.0
0.001261639933219431,353.5
0.0012526700655581568,354.0
0.001243899528289356,354.5
0.0012353283214130274,355.0
0.0012269564449291716,355.5
0.0012177872468754254,356.0
0.0012177872468754254,356.5
0.0012100133615689879,357.0
0.001209016709606624,357.5
0.0012076213968593148,358.0
0.0012088173792141515,358.5
0.0012084187184292056,359.0
0.001210013361568988,359.5
0.0012114086743162974,360.0
0.001212405326278661,360.5
0.0012130033174560795,361.0
0.0012130033174560795,361.5
0.0012128039870636068,362.0
0.0012126046566711339,362.5
0.001212405326278661,363.0
0.0012122059958861882,363.5
0.0012120066654937155,364.0
0.0012118073351012428,364.5
0.0012116080047087701,365.0
0.0012112093439238245,365.5
0.0012108106831388791,366.0
0.001210412022353934,366.5
0.0012100133615689883,367.0
0.001209614700784043,367.5
0.0012092160399990975,368.0
0.0012088173792141519,368.5
0.0012084187184292063,369.0
0.0012080200576442609,369.5
0.0012076213968593152,370.0
0.0012072227360743698,370.5
0.0012064254145044788,371.0
0.0012038341194023333,371.5
0.0012044321105797514,372.0
0.001201641485085133,372.5
0.0011978542076281503,373.0
0.0011894823311442947,373.5
0.0011753298732787294,374.0
0.0011601807634508,374.5
0.0011460283055852345,375.0
0.0011460283055852345,375.5
0.0011340684820368694,376.0
0.0011294838830099962,376.5
0.0011223079888809768,377.0
0.001111743478079921,377.5
0.0011059628966982114,378.0
0.001097989680999301,378.5
0.00109713622987609,379.0
0.0010913400529948436,379.5
0.0010963559752959224,380.0
0.0010986967390364255,380.5
0.0011012604326569766,381.0
0.0011044929159176719,381.5
0.0011088400485786067,382.0
0.0011088400485786067,382.5
0.0011088400485786067,383.0
0.0011088400485786067,383.5
0.0011088400485786067,384.0
0.0011088400485786067,384.5
0.0011088400485786067,385.0
0.0011088400485786067,385.5
0.0011088400485786067,386.0
0.0011088400485786067,386.5
0.0011088400485786067,387.0
0.0011088400485786067,387.5
0.0011088400485786067,388.0
0.0011088400485786067,388.5
0.0011088400485786067,389.0
0.0011088400485786067,389.5
0.0011088400485786067,390.0
0.0011088400485786067,390.5
0.0011088400485786067,391.0
0.0011088400485786067,391.5
0.0011088400485786067,392.0
0.0011088400485786067,392.5
0.0011088400485786067,393.0
0.0011088400485786067,393.5
0.0011088400485786067,394.0
0.0011088400485786067,394.5
0.0011088400485786067,395.0
0.0011088400485786067,395.5
0.0011088400485786067,396.0
0.0011088400485786067,396.5
0.0011088400485786067,397.0
0.0011088400485786067,397.5
0.0011088400485786067,398.0
0.0011088400485786067,398.5
0.0011088400485786067,399.0
0.0011088400485786067,399.5
0.0011088400485786067,400.0
0.0011088400485786067,400.5
0.0011088400485786067,401.0
0.0011088400485786067,401.5
0.0011053846354378634,402.0
0.0010961330454158742,402.5
0.0010942381414354668,403.0
0.0010932057515799548,403.5
0.0010973916898218826,404.0
0.0011055642359132658,404.5
0.0011119428084723937,405.0
0.0011115441476874485,405.5
0.0011107468261175573,406.0
0.0011071588790530476,406.5
0.0011047669143433745,407.0
0.00110297294081112,407.5
0.0011007803064939196,408.0
0.001098587672176719,408.5
0.0010965943682519918,409.0
0.0010946010643272642,409.5
0.0010926077604025367,410.0
0.0010912285880548195,410.5
0.0010923432374550595,411.0
0.001093457886855299,411.5
0.001094572536255539,412.0
0.0010956871856557784,412.5
0.0010974706246961621,413.0
0.0010968018350560182,413.5
0.001097024764936066,414.0
0.001098696739036426,414.5
0.0011000343183167132,415.0
0.0011022636171171924,415.5
0.0011048273107377438,416.0
0.001107502469298319,416.5
0.0011104005577389424,417.0
0.0011104005577389424,417.5
0.0011104005577389424,418.0
0.0011104005577389424,418.5
0.0011104005577389424,419.0
0.0011104005577389424,419.5
0.0011104005577389424,420.0
0.0011104005577389424,420.5
0.0011104005577389424,421.0
0.0011104005577389424,421.5
0.0011104005577389424,422.0
0.0011104005577389424,422.5
0.0011104005577389424,423.0
0.0011104005577389424,423.5
0.0011104005577389424,424.0
0.0011104005577389424,424.5
0.0011104005577389424,425.0
0.0011104005577389424,425.5
0.0011104005577389424,426.0
0.0011104005577389424,426.5
0.0011104005577389424,427.0
0.0011104005577389424,427.5
0.0011104005577389424,428.0
0.0011104005577389424,428.5
0.0011104005577389424,429.0
0.0011104005577389424,429.5
0.0011104005577389424,430.0
0.0011104005577389424,430.5
0.0011104005577389424,431.0
0.0011104005577389424,431.5
0.0011104005577389424,432.0
0.0011104005577389424,432.5
0.0011104005577389424,433.0
0.0011104005577389424,433.5
0.0011104005577389424,434.0
0.0011104005577389424,434.5
0.0011104005577389424,435.0
0.0011104005577389424,435.5
0.0011104005577389424,436.0
0.0011104005577389424,436.5
0.0011104005577389424,437.0
0.0011104005577389424,437.5
0.0011104005577389424,438.0
0.0011104005577389424,438.5
0.0011104005577389424,439.0
0.0011104005577389424,439.5
0.0011104005577389424,440.0
0.0010998113884366652,440.5
0.0010976935545762099,441.0
0.0010963559752959224,441.5
0.001093012027095203,442.0
0.001092209099617591,442.5
0.0010951990555046823,443.0
0.0010987870025691918,443.5
0.0011023749496337013,444.0
0.0011069595486605747,444.5
0.001109949504547666,445.0
0.0011129394604347575,445.5
0.0011173247290691577,446.0
0.0011109461565100296,446.5
0.0011121421388648662,447.0
0.0011223079888809768,447.5
0.001129483883009996,448.0
0.001137457098708906,448.5
0.0011466262967626526,449.0
0.0011559948252088722,449.5
0.0011639680409077824,450.0
0.0011683533095421831,450.5
0.0011723399173916382,451.0
0.0011729379085690563,451.5
0.0011729379085690563,452.0
0.0011729379085690563,452.5
0.0011733365693540017,453.0
0.0011719412566066926,453.5
0.001170745274251856,454.0
0.0011695492918970198,454.5
0.0011683533095421831,455.0
0.0011671573271873467,455.5
0.00116596134483251,456.0
0.0011647653624776736,456.5
0.0011647653624776736,457.0
0.001166160675224983,457.5
0.0011671573271873467,458.0
0.001167555987972292,458.5
0.001167555987972292,459.0
0.0011673566575798194,459.5
0.0011671573271873467,460.0
0.0011669579967948738,460.5
0.001166758666402401,461.0
0.0011665593360099284,461.5
0.0011663600056174553,462.0
0.001166160675224983,462.5
0.00116596134483251,463.0
0.0011657620144400374,463.5
0.0011655626840475649,464.0
0.001165363353655092,464.5
0.0011651640232626193,465.0
0.0011649646928701468,465.5
0.0011647653624776739,466.0
0.001164566032085201,466.5
0.0011643667016927285,467.0
0.0011641673713002555,467.5
0.0011639680409077826,468.0
0.0011637687105153101,468.5
0.0011635693801228374,469.0
0.0011633700497303647,469.5
0.0011631707193378916,470.0
0.001162971388945419,470.5
0.0011627720585529462,471.0
0.0011625727281604735,471.5
0.0011623733977680008,472.0
0.001162174067375528,472.5
0.0011619747369830554,473.0
0.0011617754065905827,473.5
0.00116157607619811,474.0
0.0011613767458056373,474.5
0.0011601807634508006,475.0
0.0011617754065905827,475.5
0.0011545995124615635,476.0
0.001147024957547599,476.5
0.0011320751781121424,477.0
0.0011239026320207595,477.5
0.0011215106673110864,478.0
0.0011087535221928303,478.5
0.001104168923165957,479.0
0.001095996377074574,479.5
0.001092120307575011,480.0
0.0010955757207157541,480.5
0.001099365528676569,481.0
0.001099365528676569,481.5
0.0010983623442163534,482.0
0.0011018177573570963,482.5
0.0011047158457977194,483.0
0.0011070566095382226,483.5
0.001109731768098798,484.0
0.001112518391599397,484.5
0.0011139674358197087,485.0
0.0011139674358197087,485.5
0.0011139674358197087,486.0
0.0011139674358197087,486.5
0.0011139674358197087,487.0
0.0011139674358197087,487.5
0.0011139674358197087,488.0
0.0011139674358197087,488.5
0.0011139674358197087,489.0
0.0011139674358197087,489.5
0.0011139674358197087,490.0
0.0011139674358197087,490.5
0.0011139674358197087,491.0
0.0011139674358197087,491.5
0.0011139674358197087,492.0
0.0011139674358197087,492.5
0.0011139674358197087,493.0
0.0011139674358197087,493.5
0.0011139674358197087,494.0
0.0011139674358197087,494.5
0.0011139674358197087,495.0
0.0011139674358197087,495.5
0.0011139674358197087,496.0
0.0011139674358197087,496.5
0.0011139674358197087,497.0
0.0011139674358197087,497.5
0.0011139674358197087,498.0
0.0011139674358197087,498.5
0.0011139674358197087,499.0
0.0011139674358197087,499.5
0.0011139674358197087,500.0
0.0011139674358197087,500.5
0.0011139674358197087,501.0
0.0011139674358197087,501.5
0.0011139674358197087,502.0
0.0011139674358197087,502.5
0.0011139674358197087,503.0
0.0011139674358197087,503.5
0.0011139674358197087,504.0
0.0011139674358197087,504.5
0.0011139674358197087,505.0
0.0011139674358197087,505.5
0.0011139674358197087,506.0
0.0011139674358197087,506.5
0.0011139674358197087,507.0
0.0011139674358197087,507.5
0.0011139674358197087,508.0
0.001103155336637384,508.5
0.0011008145728968806,509.0
0.001099365528676569,509.5
0.0010960215804758499,510.0
0.0010933464219152747,510.5
0.0010916744478149153,511.0
0.001093604412364901,511.5
0.001097591020214356,512.0
0.0011025742800261748,512.5
0.0011055642359132664,513.0
0.0011081555310154122,513.5
0.0011111454869025031,514.0
0.001114135442789595,514.5
0.001114135442789595,515.0
0.0011179227202465771,515.5
0.0011205140153487227,516.0
0.0011239026320207595,516.5
0.0011270919183003236,517.0
0.001130081874187415,517.5
0.0011330718300745061,518.0
0.0011354637947841792,518.5
0.0011376564291013796,519.0
0.0011400483938110526,519.5
0.0011424403585207257,520.0
0.0011448323232303988,520.5
0.0011472242879400716,521.0
0.0011472242879400716,521.5
0.0011573901379561822,522.0
0.0011681539791497109,522.5
0.0011777218379884027,523.0
0.0011846984017249494,523.5
0.0011908776438916049,524.0
0.0011970568860582601,524.5
0.0012024388066550244,525.0
0.0012076213968593161,525.5
0.0012128039870636076,526.0
0.0012179865772678992,526.5
0.0012231691674721907,527.0
0.0012281524272840095,527.5
0.0012329363567033559,528.0
0.0012373216253377564,528.5
0.0012415075635796844,529.0
0.0012452948410366664,529.5
0.0012486834577087034,530.0
0.0012518727439882675,530.5
0.0012550620302678316,531.0
0.0012582513165473952,531.5
0.0012616399332194324,532.0
0.0012650285498914692,532.5
0.001267619844993615,533.0
0.0012678191753860875,533.5
0.0012678191753860875,534.0
0.001265028549891469,534.5
0.001265028549891469,535.0
0.0012646298891065236,535.5
0.001264430558714051,536.0
0.001264430558714051,536.5
0.001265227880283942,537.0
0.0012664238626387786,537.5
0.001267619844993615,538.0
0.0012690151577409241,538.5
0.0012706098008807062,539.0
0.0012722044440204884,539.5
0.0012737990871602705,540.0
0.0012753937303000523,540.5
0.0012771877038323073,541.0
0.0012789816773645618,541.5
0.001280775650896817,542.0
0.0012825696244290717,542.5
0.0012841642675688538,543.0
0.0012857589107086358,543.5
0.0012873535538484178,544.0
0.0012889481969881997,544.5
0.0012897455185580907,545.0
0.0012869548930634724,545.5
0.00128316761560649,546.0
0.0012720051136280157,546.5
0.001261241272434487,547.0
0.0012508760920259038,547.5
0.0012409095724022663,548.0
0.0012311423831711014,548.5
0.001221773854724882,549.0
0.0012126046566711354,549.5
0.0012036347890098612,550.0
0.0011948642517410602,550.5
0.001185495723294841,551.0
0.001185495723294841,551.5
0.001176127194848621,552.0
0.001175529203671203,552.5
0.0011735358997464755,553.0
0.0011753298732787305,553.5
0.0011747318821013122,554.0
0.001176326525241094,554.5
0.0011777218379884033,555.0
0.001178718489950767,555.5
0.00117891782034324,556.0
0.00117891782034324,556.5
0.001178718489950767,557.0
0.0011785191595582946,557.5
0.0011783198291658217,558.0
0.0011781204987733485,558.5
0.0011779211683808763,559.0
0.0011775225075959306,559.5
0.0011771238468109852,560.0
0.00117672518602604,560.5
0.0011763265252410946,561.0
0.0011759278644561488,561.5
0.0011755292036712034,562.0
0.001175130542886258,562.5
0.0011747318821013122,563.0
0.0011743332213163668,563.5
0.0011739345605314214,564.0
0.001173535899746476,564.5
0.0011731372389615306,565.0
0.0011727385781765852,565.5
0.0011721405869991666,566.0
0.001169549291897021,566.5
0.0011693499615045482,567.0
0.0011661606752249843,567.5
0.0011619747369830563,568.0
0.0011532041997142552,568.5
0.0011386530810637441,569.0
0.0011231053104508693,569.5
0.001108753522192831,570.0
0.001108753522192831,570.5
0.0010967936986444658,571.0
0.0010912124476552287,571.5
0.0010951298609556577,572.0
0.001101260432656976,572.5
0.0011046043808576951,573.0
0.0011046043808576951,573.5
0.0011083941888185098,574.0
0.001108171258938462,574.5
0.0011138559708796846,575.0
0.0011165311294402593,575.5
0.0011197636127009546,576.0
0.001122661701141578,576.5
0.001125782719462249,577.0
0.001125782719462249,577.5
0.001125782719462249,578.0
0.001125782719462249,578.5
0.001125782719462249,579.0
0.001125782719462249,579.5
0.001125782719462249,580.0
0.001125782719462249,580.5
0.001125782719462249,581.0
0.001125782719462249,581.5
0.001125782719462249,582.0
0.001125782719462249,582.5
0.001125782719462249,583.0
0.001125782719462249,583.5
0.001125782719462249,584.0
0.001125782719462249,584.5
0.001125782719462249,585.0
0.001125782719462249,585.5
0.001125782719462249,586.0
0.001125782719462249,586.5
0.001125782719462249,587.0
0.001125782719462249,587.5
0.001125782719462249,588.0
0.001125782719462249,588.5
0.001125782719462249,589.0
0.001125782719462249,589.5
0.001125782719462249,590.0
0.001125782719462249,590.5
0.001125782719462249,591.0
0.001125782719462249,591.5
0.001125782719462249,592.0
0.001125782719462249,592.5
0.001125782719462249,593.0
0.001125782719462249,593.5
0.001125782719462249,594.0
0.001125782719462249,594.5
0.001125782719462249,595.0
0.001125782719462249,595.5
0.001125782719462249,596.0
0.001125782719462249,596.5
0.0011212126569212664,597.0
0.0011126298565394207,597.5
0.0011100661629188696,598.0
0.0011056075653179107,598.5
0.0011031553366373835,599.0
0.0010984738091563769,599.5
0.0010950183960156338,600.0
0.0010937922816753702,600.5
0.0010943496063754903,601.0
0.0010962445103558974,601.5
0.0010975820896361851,602.0
0.0010986967390364246,602.5
0.0010999228533766882,603.0
0.0011011489677169523,603.5
0.0011023750820572157,604.0
0.001103601196397479,604.5
0.0011048273107377431,605.0
0.0011060534250780067,605.5
0.0011072795394182701,606.0
0.001108505653758534,606.5
0.0011097317680987978,607.0
0.0011109578824390611,607.5
0.0011127413214794448,608.0
0.0011125183915993968,608.5
0.0011131871812395404,609.0
0.0011149706202799243,609.5
0.0011165311294402593,610.0
0.0011189833581207868,610.5
0.001121769981621386,611.0
0.0011245566051219852,611.5
0.0011267859039224648,612.0
0.0011267859039224648,612.5
0.0011267859039224648,613.0
0.0011267859039224648,613.5
0.0011267859039224648,614.0
0.0011267859039224648,614.5
0.0011267859039224648,615.0
0.0011267859039224648,615.5
0.0011267859039224648,616.0
0.0011267859039224648,616.5
0.0011267859039224648,617.0
0.0011267859039224648,617.5
0.0011267859039224648,618.0
0.0011267859039224648,618.5
0.0011267859039224648,619.0
0.0011267859039224648,619.5
0.0011267859039224648,620.0
0.0011267859039224648,620.5
0.0011267859039224648,621.0
0.0011267859039224648,621.5
0.0011267859039224648,622.0
0.0011267859039224648,622.5
0.0011267859039224648,623.0
0.0011267859039224648,623.5
0.0011267859039224648,624.0
0.0011267859039224648,624.5
0.0011267859039224648,625.0
0.0011267859039224648,625.5
0.0011267859039224648,626.0
0.0011267859039224648,626.5
0.0011267859039224648,627.0
0.0011267859039224648,627.5
0.0011267859039224648,628.0
0.0011267859039224648,628.5
0.0011267859039224648,629.0
0.0011267859039224648,629.5
0.0011267859039224648,630.0
0.0011267859039224648,630.5
0.0011267859039224648,631.0
0.0011267859039224648,631.5
0.0011267859039224648,632.0
0.0011267859039224648,632.5
0.0011267859039224648,633.0
0.0011267859039224648,633.5
0.0011267859039224648,634.0
0.0011267859039224648,634.5
0.0011266744389824407,635.0
0.0011158623398001158,635.5
0.0011134101111195884,636.0
0.0011131871812395404,636.5
0.0011096203031587737,637.0
0.0011069451445981985,637.5
0.0011052731704978387,638.0
0.0011031553366373835,638.5
0.0011010375027769282,639.0
0.0010980279493962811,639.5
0.0010962445103558974,640.0
0.0010944610713155142,640.5
0.0010916744478149149,641.0
0.001094795466135586,641.5
0.001094795466135586,642.0
0.0010951990555046836,642.5
0.0011031722712035938,643.0
0.0011111454869025044,643.5
0.0011205140153487236,644.0
0.0011300818741874156,644.5
0.0011384537506712714,645.0
0.0011428390193056717,645.5
0.0011470249575476,646.0
0.0011484202702949089,646.5
0.0011484202702949089,647.0
0.0011551975036389827,647.5
0.0011540015212841463,648.0
0.0011528055389293094,648.5
0.0011516095565744732,649.0
0.0011504135742196366,649.5
0.0011492175918648,650.0
0.0011480216095099635,650.5
0.001146825627155127,651.0
0.0011456296448002904,651.5
0.001144433662445454,652.0
0.0011460283055852363,652.5
0.0011472242879400727,653.0
0.0011478222791174908,653.5
0.0011478222791174908,654.0
0.0011476229487250183,654.5
0.0011474236183325454,655.0
0.0011472242879400727,655.5
0.0011470249575476,656.0
0.0011466262967626546,656.5
0.0011462276359777094,657.0
0.0011458289751927636,657.5
0.0011454303144078182,658.0
0.0011450316536228728,658.5
0.001144632992837927,659.0
0.0011442343320529817,659.5
0.0011438356712680363,660.0
0.0011434370104830907,660.5
0.0011430383496981453,661.0
0.0011426396889132,661.5
0.0011422410281282543,662.0
0.001141842367343309,662.5
0.0011414437065583633,663.0
0.0011410450457734179,663.5
0.0011406463849884725,664.0
0.001140247724203527,664.5
0.0011398490634185812,665.0
0.001139450402633636,665.5
0.0011390517418486904,666.0
0.0011386530810637448,666.5
0.0011382544202787994,667.0
0.001137855759493854,667.5
0.0011374570987089088,668.0
0.0011370584379239634,668.5
0.0011366597771390176,669.0
0.0011362611163540722,669.5
0.0011352644643917082,670.0
0.0011364604467465449,670.5
0.001129882543794944,671.0
0.0011219093280960338,671.5
0.0011067602182681046,672.0
0.001095996377074576,672.5
0.0010976935545762084,673.0
0.001102820941817311,673.5
0.0011048273107377422,674.0
0.001110066162918869,674.5
0.001112406926659372,675.0
0.0011171999190804026,675.5
0.001119540682820906,676.0
0.001119540682820906,676.5
0.001116419664500235,677.0
0.0011173113840204265,677.5
0.0011194292178808823,678.0
0.0011222158413814814,678.5
0.0011251139298221046,679.0
0.0011279005533227039,679.5
0.001129906922243135,680.0
0.001129906922243135,680.5
0.001129906922243135,681.0
0.001129906922243135,681.5
0.001129906922243135,682.0
0.001129906922243135,682.5
0.001129906922243135,683.0
0.001129906922243135,683.5
0.001129906922243135,684.0
0.001129906922243135,684.5
0.001129906922243135,685.0
0.001129906922243135,685.5
0.001129906922243135,686.0
0.001129906922243135,686.5
0.001129906922243135,687.0
0.001129906922243135,687.5
0.001129906922243135,688.0
0.001129906922243135,688.5
0.001129906922243135,689.0
0.001129906922243135,689.5
0.001129906922243135,690.0
0.001129906922243135,690.5
0.001129906922243135,691.0
0.001129906922243135,691.5
0.001129906922243135,692.0
0.001129906922243135,692.5
0.001129906922243135,693.0
0.001129906922243135,693.5
0.001129906922243135,694.0
0.001129906922243135,694.5
0.001129906922243135,695.0
0.001129906922243135,695.5
0.001129906922243135,696.0
0.001129906922243135,696.5
0.001129906922243135,697.0
0.001129906922243135,697.5
0.001129906922243135,698.0
0.001129906922243135,698.5
0.001129906922243135,699.0
0.001129906922243135,699.5
0.001129906922243135,700.0
0.001129906922243135,700.5
0.001129906922243135,701.0
0.001129906922243135,701.5
0.001129906922243135,702.0
0.001129906922243135,702.5
0.001129906922243135,703.0
0.001119317752940858,703.5
0.0011174228489604508,704.0
0.0011174228489604508,704.5
0.0011141903656997556,705.0
0.001111626672079204,705.5
0.0011099546979788447,706.0
0.0011079483290584132,706.5
0.001105941960137982,707.0
0.0011032668015774068,707.5
0.001101594827477047,708.0
0.001100034318316712,708.5
0.0010982508792763282,709.0
0.0010965789051759686,709.5
0.0010968018350560162,710.0
0.0010947954661355854,710.5
0.0010932349569752497,711.0
0.0010913400529948421,711.5
0.0010936044123649028,712.0
0.0010965943682519942,712.5
0.0010995843241390856,713.0
0.0011019762888487585,713.5
0.0011041689231659588,714.0
0.0011065608878756319,714.5
0.0011089528525853047,715.0
0.0011047669143433767,715.5
0.0011047669143433767,716.0
0.0011169260682842147,716.5
0.0011260952663379616,717.0
0.001133071830074508,717.5
0.001138653081063745,718.0
0.0011442343320529822,718.5
0.0011498155830422195,719.0
0.0011555961644239292,719.5
0.001160778754628221,720.0
0.0011657620144400393,720.5
0.0011709446046443313,721.0
0.0011761271948486228,721.5
0.0011813097850529143,722.0
0.0011862930448647334,722.5
0.0011908776438916066,723.0
0.0011952629125260073,723.5
0.0011994488507679351,724.0
0.0012032361282249173,724.5
0.0012066247448969541,725.0
0.0012098140311765184,725.5
0.0012130033174560823,726.0
0.0012161926037356464,726.5
0.0012195812204076832,727.0
0.0012229698370797197,727.5
0.0012255611321818657,728.0
0.0012257604625743382,728.5
0.0012257604625743382,729.0
0.0012333350174883028,729.5
0.0012337336782732486,730.0
0.00123313568709583,730.5
0.0012329363567033574,731.0
0.0012329363567033574,731.5
0.0012337336782732486,732.0
0.0012347303302356124,732.5
0.0012359263125904488,733.0
0.0012373216253377581,733.5
0.001238716938085067,734.0
0.0012403115812248495,734.5
0.0012419062243646311,735.0
0.0012435008675044134,735.5
0.0012450955106441956,736.0
0.0012466901537839777,736.5
0.0012482847969237597,737.0
0.001249879440063542,737.5
0.001251474083203324,738.0
0.0012530687263431059,738.5
0.001254663369482888,739.0
0.00125625801262267,739.5
0.0012568560038000885,740.0
0.0012536667175205244,740.5
0.0012494807792785964,741.0
0.0012379196165151767,741.5
0.0012267571145367028,742.0
0.001215993273343174,742.5
0.0012056280929345906,743.0
0.0011956615733109532,743.5
0.0011858943840797878,744.0
0.001176326525241096,744.5
0.0011669579967948764,745.0
0.0011577887987411298,745.5
0.001147822279117492,746.0
0.001147822279117492,746.5
0.0011388524114562184,747.0
0.0011374570987089088,747.5
0.0011348658036067633,748.0
0.001136659777139018,748.5
0.0011352644643917089,749.0
0.0011368591075314907,749.5
0.0011382544202788,750.0
0.001139251072241164,750.5
0.0011396497330261094,751.0
0.0011396497330261094,751.5
0.0011394504026336367,752.0
0.001139251072241164,752.5
0.0011390517418486913,753.0
0.0011388524114562184,753.5
0.0011386530810637457,754.0
0.0011382544202788,754.5
0.0011378557594938546,755.0
0.0011374570987089092,755.5
0.0011370584379239638,756.0
0.0011366597771390184,756.5
0.001136261116354073,757.0
0.0011358624555691276,757.5
0.0011354637947841818,758.0
0.0011350651339992364,758.5
0.0011346664732142908,759.0
0.0011342678124293454,759.5
0.0011338691516443998,760.0
0.0011334704908594546,760.5
0.0011326731692895635,761.0
0.0011294838830099995,761.5
0.0011292845526175268,762.0
0.0011256966055530173,762.5
0.0011211120065261438,763.0
0.0011121421388648701,763.5
0.001097391689821886,764.0
0.00109635597529592,764.5
0.0011046043808576938,765.0
0.0011046043808576938,765.5
0.0011109578824390598,766.0
0.0011132986461795634,766.5
0.0011183145684806421,767.0
0.0011233304907817205,767.5
0.0011279005533227032,768.0
0.0011279005533227032,768.5
0.0011331394055038298,769.0
0.0011295725274230626,769.5
0.0011295725274230626,770.0
0.0011324706158636858,770.5
0.0011353687043043092,771.0
0.00113848972262498,771.5
0.001141722205885675,772.0
0.001141722205885675,772.5
0.001141722205885675,773.0
0.001141722205885675,773.5
0.001141722205885675,774.0
0.001141722205885675,774.5
0.001141722205885675,775.0
0.001141722205885675,775.5
0.001141722205885675,776.0
0.001141722205885675,776.5
0.001141722205885675,777.0
0.001141722205885675,777.5
0.001141722205885675,778.0
0.001141722205885675,778.5
0.001141722205885675,779.0
0.001141722205885675,779.5
0.001141722205885675,780.0
0.001141722205885675,780.5
0.001141722205885675,781.0
0.001141722205885675,781.5
0.001141722205885675,782.0
0.001141722205885675,782.5
0.001141722205885675,783.0
0.001141722205885675,783.5
0.001141722205885675,784.0
0.001141722205885675,784.5
0.001141722205885675,785.0
0.001141722205885675,785.5
0.001141722205885675,786.0
0.001141722205885675,786.5
0.001141722205885675,787.0
0.001141722205885675,787.5
0.001141722205885675,788.0
0.001141722205885675,788.5
0.001141722205885675,789.0
0.001141722205885675,789.5
0.001141722205885675,790.0
0.001141722205885675,790.5
0.001141722205885675,791.0
0.001141722205885675,791.5
0.001141722205885675,792.0
0.001141722205885675,792.5
0.001141722205885675,793.0
0.001141722205885675,793.5
0.001141722205885675,794.0
0.001141722205885675,794.5
0.001141722205885675,795.0
0.001141722205885675,795.5
0.001141722205885675,796.0
0.001141722205885675,796.5
0.001141722205885675,797.0
0.001141722205885675,797.5
0.001141722205885675,798.0
0.001141722205885675,798.5
0.001141722205885675,799.0
0.001141722205885675,799.5
0.001141722205885675,800.0
0.001141722205885675,800.5
0.001141722205885675,801.0
0.001130687176823302,801.5
0.0011273432286225834,802.0
0.0011267859039224633,802.5
0.0011228846310216247,803.0
0.0011200980075210254,803.5
0.0011184260334206658,804.0
0.0011164196645002346,804.5
0.001114078900759731,805.0
0.0011100661629188683,805.5
0.001107948329058413,806.0
0.0011062763549580534,806.5
0.0011044929159176697,807.0
0.0011025980119372624,807.5
0.0011025980119372624,808.0
0.0011004801780768072,808.5
0.0010991425987965193,809.0
0.0010971362298760879,809.5
0.0010952413258956807,810.0
0.0010932349569752495,810.5
0.0010916111084401765,811.0
0.001094999725112213,811.5
0.001097391689821886,812.0
0.0010999829849240323,812.5
0.0011025742800261779,813.0
0.0010969930290369407,813.5
0.0010969930290369407,814.0
0.0011093515133702514,814.5
0.0011189193722089435,815.0
0.00112589593594549,815.5
0.0011316765173271996,816.0
0.001137257768316437,816.5
0.0011430383496981466,817.0
0.001148420270294911,817.5
0.0011526062085368389,818.0
0.0011565928163862942,818.5
0.0011605794242357489,819.0
0.0011647653624776771,819.5
0.0011689513007196047,820.0
0.0011731372389615323,820.5
0.0011771238468109878,821.0
0.001181110454660443,821.5
0.001184897732117425,822.0
0.0011886850095744073,822.5
0.0011922729566389168,823.0
0.0011956615733109536,823.5
0.001198850859590518,824.0
0.001201840815477609,824.5
0.0012048307713647005,825.0
0.0012078207272517918,825.5
0.0012106113527464103,826.0
0.001213202647848556,826.5
0.0012155946125582291,827.0
0.001217986577267902,827.5
0.001219780550800157,828.0
0.001219780550800157,828.5
0.0012293484096388492,829.0
0.0012321390351334677,829.5
0.0012345309998431407,830.0
0.0012363249733753955,830.5
0.0012387169380850686,831.0
0.0012419062243646324,831.5
0.0012448961802517236,832.0
0.0012476868057463425,832.5
0.0012506767616334339,833.0
0.0012536667175205253,833.5
0.0012568560038000894,834.0
0.0012600452900796532,834.5
0.0012632345763592173,835.0
0.0012666231930312539,835.5
0.0012702111400957636,836.0
0.001274795739122637,836.5
0.0012807756508968198,837.0
0.0012871542234559477,837.5
0.0012919381528752939,838.0
0.0012953267695473307,838.5
0.001298316725434422,839.0
0.0013011073509290407,839.5
0.0013005093597516222,840.0
0.0013005093597516222,840.5
0.0013027019940688223,841.0
0.0013042966372086048,841.5
0.001306489271525805,842.0
0.0013084825754505322,842.5
0.001309678557805369,843.0
0.0013108745401602055,843.5
0.001312070522515042,844.0
0.0013132665048698785,844.5
0.0013144624872247147,845.0
0.0013156584695795514,845.5
0.001316854451934388,846.0
0.0013180504342892247,846.5
0.0013192464166440609,847.0
0.0013204423989988977,847.5
0.001321638381353734,848.0
0.0013228343637085706,848.5
0.0013240303460634068,849.0
0.0013252263284182434,849.5
0.00132642231077308,850.0
0.0013276182931279165,850.5
0.001328814275482753,851.0
0.0013300102578375893,851.5
0.0013312062401924266,852.0
0.0013324022225472626,852.5
0.001333598204902099,853.0
0.0013347941872569355,853.5
0.0013359901696117723,854.0
0.0013371861519666085,854.5
0.0013383821343214454,855.0
0.0013395781166762818,855.5
0.0013405747686386455,856.0
0.001341571420601009,856.5
0.0013425680725633732,857.0
0.0013435647245257365,857.5
0.0013445613764881009,858.0
0.0013455580284504644,858.5
0.0013465546804128283,859.0
0.001347551332375192,859.5
0.0013485479843375558,860.0
0.0013495446362999193,860.5
0.0013505412882622832,861.0
0.001351537940224647,861.5
0.0013525345921870109,862.0
0.0013535312441493746,862.5
0.001354527896111738,863.0
0.001355524548074102,863.5
0.0013565212000364658,864.0
0.0013575178519988297,864.5
0.0013585145039611934,865.0
0.0013595111559235571,865.5
0.001360507807885921,866.0
0.0013615044598482848,866.5
0.0013625011118106488,867.0
0.0013634977637730123,867.5
0.001364494415735376,868.0
0.00136549106769774,868.5
0.0013664877196601036,869.0
0.0013674843716224676,869.5
0.0013684810235848309,870.0
0.0013694776755471952,870.5
0.0013704743275095583,871.0
0.0013714709794719225,871.5
0.0013724676314342862,872.0
0.00137346428339665,872.5
0.0013744609353590139,873.0
0.0013754575873213774,873.5
0.0013764542392837413,874.0
0.001377450891246105,874.5
0.001378447543208469,875.0
0.0013794441951708327,875.5
0.0013804408471331962,876.0
0.0013814374990955601,876.5
0.0013824341510579239,877.0
0.0013834308030202874,877.5
0.0013844274549826517,878.0
0.001385424106945015,878.5
0.0013864207589073785,879.0
0.001387417410869743,879.5
0.0013884140628321068,880.0
0.0013894107147944704,880.5
0.001390407366756834,881.0
0.0013914040187191978,881.5
0.0013924006706815617,882.0
0.0013933973226439252,882.5
0.001394393974606289,883.0
0.001395390626568653,883.5
0.0013963872785310166,884.0
0.0013973839304933806,884.5
0.001398380582455744,885.0
0.0013993772344181084,885.5
0.001400373886380472,886.0
0.0014013705383428355,886.5
0.0014023671903051996,887.0
0.0014033638422675631,887.5
0.0014041611638374544,888.0
0.0014049584854073454,888.5
0.0014057558069772362,889.0
0.0014065531285471274,889.5
0.0014073504501170184,890.0
0.0014081477716869093,890.5
0.0014081477716869093,891.0
0.0014049584854073454,891.5
0.0013920020098966163,892.0
0.0013750589265364324,892.5
0.001367085710837522,893.0
0.0013505412882622832,893.5
0.0013320035617623174,894.0
0.0013132665048698785,894.5
0.0012945294479774399,895.0
0.0012759917214774739,895.5
0.0012576533253699804,896.0
0.0012397135900474325,896.5
0.00122217251550983,897.0
0.0012199798811926299,897.5
0.001202040145870082,898.0
0.001190478983106662,898.5
0.0011825057674077523,899.0
0.0011723399173916417,899.5
0.0011677553183647683,900.0
0.0011645660320852044,900.5
0.0011667586664024048,901.0
0.0011687519703271322,901.5
0.0011707452742518597,902.0
0.0011725392477841146,902.5
0.0011743332213163696,903.0
0.0011761271948486241,903.5
0.001177921168380879,904.0
0.0011797151419131336,904.5
0.0011815091154453888,905.0
0.0011833030889776433,905.5
0.0011848977321174256,906.0
0.0011864923752572076,906.5
0.00118808701839699,907.0
0.0011896816615367717,907.5
0.0011912763046765537,908.0
0.0011928709478163358,908.5
0.0011944655909561178,909.0
0.0011960602340958999,909.5
0.0011976548772356821,910.0
0.0011992495203754644,910.5
0.001200844163515246,911.0
0.0012022394762625553,911.5
0.0012036347890098647,912.0
0.001205030101757174,912.5
0.0012064254145044834,913.0
0.0012082193880367377,913.5
0.0012100133615689929,914.0
0.0012118073351012476,914.5
0.0012136013086335024,915.0
0.001215395282165757,915.5
0.001217189255698012,916.0
0.001218983229230267,916.5
0.0012207772027625218,917.0
0.0012225711762947765,917.5
0.001224365149827031,918.0
0.0012259597929668135,918.5
0.0012275544361065953,919.0
0.0012291490792463774,919.5
0.0012307437223861594,920.0
0.0012323383655259415,920.5
0.001233933008665724,921.0
0.0012355276518055056,921.5
0.0012371222949452878,922.0
0.0012387169380850699,922.5
0.0012403115812248521,923.0
0.0012419062243646342,923.5
0.0012435008675044162,924.0
0.0012450955106441978,924.5
0.0012466901537839803,925.0
0.0012482847969237623,925.5
0.0012498794400635444,926.0
0.0012514740832033264,926.5
0.0012530687263431087,927.0
0.0012546633694828905,927.5
0.0012560586822301999,928.0
0.001257453994977509,928.5
0.0012588493077248183,929.0
0.0012602446204721277,929.5
0.0012616399332194372,930.0
0.0012630352459667461,930.5
0.0012644305587140555,931.0
0.0012658258714613646,931.5
0.0012672211842086742,932.0
0.001268616496955983,932.5
0.0012700118097032924,933.0
0.0012714071224506015,933.5
0.0012728024351979109,934.0
0.00127419774794522,934.5
0.0012755930606925293,935.0
0.0012769883734398385,935.5
0.0012783836861871478,936.0
0.001279778998934457,936.5
0.0012811743116817665,937.0
0.0012825696244290754,937.5
0.001283964937176385,938.0
0.0012851609195312214,938.5
0.0012863569018860578,939.0
0.0012875528842408944,939.5
0.0012887488665957307,940.0
0.0012899448489505673,940.5
0.0012911408313054037,941.0
0.0012923368136602401,941.5
0.0012935327960150772,942.0
0.0012947287783699136,942.5
0.0012959247607247496,943.0
0.0012971207430795867,943.5
0.0012983167254344225,944.0
0.0012995127077892596,944.5
0.0013007086901440962,945.0
0.0013019046724989324,945.5
0.001303100654853769,946.0
0.0013042966372086055,946.5
0.001305492619563442,947.0
0.0013066886019182785,947.5
0.0013078845842731152,948.0
0.0013090805666279514,948.5
0.001310276548982788,949.0
0.0013114725313376242,949.5
0.0013126685136924609,950.0
0.0013138644960472975,950.5
0.0013148611480096615,951.0
0.001315857799972025,951.5
0.001316854451934389,952.0
0.0013178511038967526,952.5
0.0013188477558591163,953.0
0.0013198444078214805,953.5
0.001320841059783844,954.0
0.001321837711746208,954.5
0.0013228343637085717,955.0
0.0013238310156709352,955.5
0.0013248276676332991,956.0
0.0013258243195956628,956.5
0.001326820971558027,957.0
0.0013278176235203905,957.5
0.001328814275482754,958.0
0.001329810927445118,958.5
0.0013308075794074817,959.0
0.0013318042313698456,959.5
0.0013328008833322093,960.0
0.001333797535294573,960.5
0.001334794187256937,961.0
0.0013357908392193007,961.5
0.0013367874911816642,962.0
0.0013377841431440284,962.5
0.0013387807951063917,963.0
0.0013397774470687558,963.5
0.0013407740990311193,964.0
0.0013417707509934835,964.5
0.001342767402955847,965.0
0.0013437640549182107,965.5
0.0013447607068805747,966.0
0.0013457573588429382,966.5
0.0013467540108053019,967.0
0.0013477506627676658,967.5
0.0013489466451225025,968.0
0.0013507406186547572,968.5
0.0013545278961117394,969.0
0.0013563218696439941,969.5
0.0013581158431762489,970.0
0.0013597104863160314,970.5
0.0013613051294558132,971.0
0.0013627004422031228,971.5
0.0013640957549504317,972.0
0.0013654910676977408,972.5
0.0013668863804450506,973.0
0.0013682816931923595,973.5
0.0013694776755471961,974.0
0.0013706736579020325,974.5
0.0013720689706493419,975.0
0.0013734642833966508,975.5
0.0013748595961439603,976.0
0.0013762549088912697,976.5
0.0013774508912461063,977.0
0.0013786468736009428,977.5
0.0013798428559557792,978.0
0.0013808395079181427,978.5
0.0013818361598805068,979.0
0.0013820354902729795,979.5
0.0013820354902729795,980.0
0.0013820354902729795,980.5
0.0013788462039934155,981.0
0.0013788462039934155,981.5
0.0013798428559557792,982.0
0.001381437499095561,982.5
0.001381636829488034,983.0
0.0013824341510579252,983.5
0.0013832314726278157,984.0
0.001384028794197707,984.5
0.001384826115767598,985.0
0.0013856234373374892,985.5
0.00138642075890738,986.0
0.001387218080477271,986.5
0.001388015402047162,987.0
0.0013888127236170531,987.5
0.0013896100451869441,988.0
0.0013904073667568354,988.5
0.0013912046883267266,989.0
0.0013920020098966174,989.5
0.0013927993314665082,990.0
0.0013935966530363995,990.5
0.0013943939746062905,991.0
0.0013951912961761815,991.5
0.0013959886177460725,992.0
0.0013967859393159638,992.5
0.0013975832608858544,993.0
0.0013983805824557456,993.5
0.0013991779040256366,994.0
0.0013999752255955279,994.5
0.0014007725471654187,995.0
0.00140156986873531,995.5
0.001402367190305201,996.0
0.001403164511875092,996.5
0.0014039618334449825,997.0
0.001404759155014874,997.5
0.0014055564765847652,998.0
0.0014063537981546558,998.5
0.001407151119724547,999.0
0.0014079484412944383,999.5
0.001408745762864329,1000.0
0.00140954308443422,1000.5
0.0014103404060041111,1001.0
0.0014111377275740022,1001.5
0.0014119350491438932,1002.0
0.0014127323707137842,1002.5
0.0014135296922836754,1003.0
0.0014143270138535662,1003.5
0.0014151243354234573,1004.0
0.0014159216569933485,1004.5
0.0014167189785632397,1005.0
0.0014175163001331308,1005.5
0.0014183136217030214,1006.0
0.0014191109432729124,1006.5
0.0014199082648428036,1007.0
0.0014207055864126946,1007.5
0.0014215029079825857,1008.0
0.0014223002295524765,1008.5
0.0014230975511223677,1009.0
0.0014238948726922587,1009.5
0.00142469219426215,1010.0
0.0014254895158320408,1010.5
0.001426286837401932,1011.0
0.0014270841589718228,1011.5
0.0014278814805417138,1012.0
0.001428678802111605,1012.5
0.0014294761236814963,1013.0
0.001430273445251387,1013.5
0.0014310707668212781,1014.0
0.001431868088391169,1014.5
0.001432067418783642,1015.0
0.0014322667491761143,1015.5
0.0014324660795685875,1016.0
0.0014326654099610604,1016.5
0.0014328647403535329,1017.0
0.0014330640707460056,1017.5
0.001433263401138478,1018.0
0.0014334627315309512,1018.5
0.0014336620619234237,1019.0
0.0014338613923158966,1019.5
0.0014340607227083693,1020.0
0.001434260053100842,1020.5
0.0014344593834933147,1021.0
0.0014346587138857874,1021.5
0.00143485804427826,1022.0
0.0014350573746707326,1022.5
0.0014352567050632057,1023.0
0.0014354560354556786,1023.5
0.0014356553658481511,1024.0
0.001435854696240624,1024.5
0.0014360540266330963,1025.0
0.0014362533570255692,1025.5
0.0014364526874180421,1026.0
0.0014366520178105146,1026.5
0.0014368513482029876,1027.0
0.0014370506785954603,1027.5
0.001437250008987933,1028.0
0.0014374493393804057,1028.5
0.0014376486697728786,1029.0
0.0014378480001653513,1029.5
0.0014380473305578238,1030.0
0.001438246660950297,1030.5
0.0014390439825201873,1031.0
0.00144063862565997,1031.5
0.0014434292511545882,1032.0
0.001444625233509425,1032.5
0.001445621885471789,1033.0
0.0014466185374341525,1033.5
0.0014476151893965165,1034.0
0.00144861184135888,1034.5
0.0014496084933212437,1035.0
0.0014506051452836074,1035.5
0.0014516017972459713,1036.0
0.001452598449208335,1036.5
0.0014535951011706988,1037.0
0.0014545917531330625,1037.5
0.0014555884050954267,1038.0
0.00145658505705779,1038.5
0.0014575817090201541,1039.0
0.0014585783609825178,1039.5
0.0014595750129448816,1040.0
0.0014605716649072453,1040.5
0.0014615683168696092,1041.0
0.001462564968831973,1041.5
0.0014635616207943367,1042.0
0.0014645582727567002,1042.5
0.0014655549247190641,1043.0
0.0014663522462889551,1043.5
0.00146714,1044.0
0.00146714,1044.5
0.00146714,1045.0
0.00146714,1045.5
0.00146714,1046.0
0.00146714,1046.5
0.0014669502374663737,1047.0
0.0014667509070739008,1047.5
0.0014663522462889551,1048.0
0.00146595358550401,1048.5
0.0014655549247190643,1049.0
0.0014649569335416462,1049.5
0.001464358942364228,1050.0
0.0014635616207943367,1050.5
0.0014627642992244456,1051.0
0.0014623656384395005,1051.5
0.001461767647262082,1052.0
0.0014611696560846638,1052.5
0.0014605716649072453,1053.0
0.0014597743433373543,1053.5
0.0014589770217674632,1054.0
0.0014581797001975722,1054.5
0.001457581709020154,1055.0
0.0014569837178427358,1055.5
0.0014563857266653175,1056.0
0.001455787735487899,1056.5
0.0014553890747029538,1057.0
0.001454990413918008,1057.5
0.0014545917531330623,1058.0
0.0014541930923481171,1058.5
0.0014539937619556442,1059.0
0.0014537944315631717,1059.5
0.0014535951011706988,1060.0
0.0014535951011706988,1060.5
0.0014535951011706988,1061.0
0.00146714,1061.5
0.00146714,1062.0
0.00146714,1062.5
0.00146714,1063.0
0.00146714,1063.5
0.00146714,1064.0
0.00146714,1064.5
0.00146714,1065.0
0.00146714,1065.5
0.00146714,1066.0
0.00146714,1066.5
0.00146714,1067.0
0.00146714,1067.5
0.00146714,1068.0
0.00146714,1068.5
0.00146714,1069.0
0.00146714,1069.5
0.00146714,1070.0
0.00146714,1070.5
0.00146714,1071.0
0.00146714,1071.5
0.00146714,1072.0
0.00146714,1072.5
0.00146714,1073.0
0.00146714,1073.5
0.00146714,1074.0
0.00146714,1074.5
0.00146714,1075.0
0.00146714,1075.5
0.00146714,1076.0
0.00146714,1076.5
0.00146714,1077.0
0.00146714,1077.5
0.00146714,1078.0
0.00146714,1078.5
0.00146714,1079.0
0.00146714,1079.5
0.00146714,1080.0
0.00146714,1080.5
0.00146714,1081.0
0.00146714,1081.5
0.00146714,1082.0
0.00146714,1082.5
0.00146714,1083.0
0.00146714,1083.5
0.00146714,1084.0
0.00146714,1084.5
0.00146714,1085.0
0.00146714,1085.5
0.00146714,1086.0
0.00146714,1086.5
0.00146714,1087.0
0.00146714,1087.5
0.00146714,1088.0
0.00146714,1088.5
0.00146714,1089.0
0.00146714,1089.5
0.00146714,1090.0
0.00146714,1090.5
0.00146714,1091.0
0.00146714,1091.5
0.00146714,1092.0
0.00146714,1092.5
0.00146714,1093.0
0.00146714,1093.5
0.00146714,1094.0
0.00146714,1094.5
0.00146714,1095.0
0.00146714,1095.5
0.00146714,1096.0
0.00146714,1096.5
0.00146714,1097.0
0.00146714,1097.5
0.00146714,1098.0
0.00146714,1098.5
0.00146714,1099.0
0.00146714,1099.5
0.00146714,1100.0
0.00146714,1100.5
0.00146714,1101.0
0.00146714,1101.5
0.00146714,1102.0
0.00146714,1102.5
0.00146714,1103.0
0.00146714,1103.5
0.00146714,1104.0
0.00146714,1104.5
0.00146714,1105.0
0.00146714,1105.5
0.00146714,1106.0
0.00146714,1106.5
0.00146714,1107.0
0.00146714,1107.5
0.00146714,1108.0
0.00146714,1108.5
0.00146714,1109.0
0.00146714,1109.5
0.00146714,1110.0
0.00146714,1110.5
0.00146714,1111.0
0.00146714,1111.5
0.00146714,1112.0
0.00146714,1112.5
0.00146714,1113.0
0.00146714,1113.5
0.00146714,1114.0
0.00146714,1114.5
0.00146714,1115.0
0.00146714,1115.5
0.00146714,1116.0
0.00146714,1116.5
0.00146714,1117.0
0.00146714,1117.5
0.00146714,1118.0
0.00146714,1118.5
0.00146714,1119.0
0.00146714,1119.5
0.00146714,1120.0
0.00146714,1120.5
0.00146714,1121.0
0.00146714,1121.5
0.00146714,1122.0
0.00146714,1122.5
0.00146714,1123.0
0.00146714,1123.5
0.00146714,1124.0
0.00146714,1124.5
0.00146714,1125.0
0.00146714,1125.5
0.00146714,1126.0
0.00146714,1126.5
0.00146714,1127.0
0.00146714,1127.5
0.00146714,1128.0
0.00146714,1128.5
0.00146714,1129.0
0.00146714,1129.5
0.00146714,1130.0
0.0014561863962728482,1130.5
0.001438445991342773,1131.0
0.0014201075952352798,1131.5
0.0014003738863804772,1132.0
0.0013802415167407287,1132.5
0.0013603084774934532,1133.0
0.0013603084774934532,1133.5
0.0013409734294235968,1134.0
0.0013347941872569413,1134.5
0.0013224357029236297,1135.0
0.0013046952979935552,1135.5
0.0012861575714935892,1136.0
0.0012652278802839502,1136.5
0.0012444975194667836,1137.0
0.0012444975194667836,1137.5
0.0012229698370797265,1138.0
0.0012169899253055435,1138.5
0.001206026753719542,1139.0
0.0011892830007518309,1139.5
0.0011707452742518649,1140.0
0.0011506129046121168,1140.5
0.001128686561440114,1141.0
0.001106560887875638,1141.5
0.001094572536255534,1142.0
0.0011067222147181463,1142.5
0.0011187604282407347,1143.0
0.0011305757118832754,1143.5
0.0011422795305857918,1144.0
0.0011532030947081408,1144.5
0.0011532030947081408,1145.0
0.0011640151938904658,1145.5
0.0011686967213714724,1146.0
0.0011785056360935813,1146.5
0.0011907667794962178,1147.0
0.0012035852475989742,1147.5
0.0012161807858216828,1148.0
0.0012286648591043668,1148.5
0.0012409260025070036,1149.0
0.0012529642160295919,1149.5
0.0012647794996721324,1150.0
0.0012763718534346252,1150.5
0.0012874068824969978,1151.0
0.0012977731219192268,1151.5
0.0013012382498982498,1152.0
0.001300907562067562,1152.5
0.001300602311762312,1153.0
0.0013001825925925926,1153.5
0.0012997459150725817,1154.0
0.001299326195902863,1154.5
0.0012989446330212997,1155.0
0.0012985800284900286,1155.5
0.0012981942260208929,1156.0
0.0012978041839641842,1156.5
0.0012974607773707774,1157.0
0.0012974607773707774,1157.5
0.0012970792144892146,1158.0
0.0012967994017094018,1158.5
0.0012966340577940578,1159.0
0.0012964602347035684,1159.5
0.0012964602347035684,1160.0
0.0012964602347035684,1160.5
0.0012964602347035684,1161.0
0.0012964602347035684,1161.5
0.0012964602347035684,1162.0
0.0012964602347035684,1162.5
0.0012964602347035684,1163.0
0.0012964602347035684,1163.5
0.0012964602347035684,1164.0
0.0012964602347035684,1164.5
0.0012964602347035684,1165.0
0.0012964602347035684,1165.5
0.0012964602347035684,1166.0
0.0012964602347035684,1166.5
0.0012964602347035684,1167.0
0.0012964602347035684,1167.5
0.0012964602347035684,1168.0
0.0012964602347035684,1168.5
0.0012964602347035684,1169.0
0.0012964602347035684,1169.5
0.0012964602347035684,1170.0
0.0012964602347035684,1170.5
0.0012964602347035684,1171.0
0.0012964602347035684,1171.5
0.0012964602347035684,1172.0
0.0012964602347035684,1172.5
0.0012964602347035684,1173.0
0.0012964602347035684,1173.5
0.0012964602347035684,1174.0
0.0012964602347035684,1174.5
0.0012964602347035684,1175.0
0.0012964602347035684,1175.5
0.0012964602347035684,1176.0
0.0012964602347035684,1176.5
0.0012964602347035684,1177.0
0.0012964602347035684,1177.5
0.0012964602347035684,1178.0
0.0012964602347035684,1178.5
0.0012964602347035684,1179.0
0.0012964602347035684,1179.5
0.0012964602347035684,1180.0
