"Time","R2"
"0","0.00130134"
"0.5","0.00130134"
"1","0.00130134"
"1.5","0.00130134"
"2","0.00130134"
"2.5","0.00130134"
"3","0.00130134"
"3.5","0.00130134"
"4","0.00130134"
"4.5","0.00130134"
"5","0.00130134"
"5.5","0.00130134"
"6","0.00130134"
"6.5","0.00130134"
"7","0.00130134"
"7.5","0.00130134"
"8","0.00130134"
"8.5","0.00130134"
"9","0.00130134"
"9.5","0.00130134"
"10","0.00130134"
"10.5","0.00130134"
"11","0.00130134"
"11.5","0.00130134"
"12","0.0012981964762152"
"12.5","0.0012775883431635"
"13","0.0012733265232805"
"13.5","0.0012630308281931"
"14","0.0012531445818972"
"14.5","0.0012302137917977"
"15","0.0012057344502883"
"15.5","0.0011946180688272"
"16","0.001193782932226"
"16.5","0.0011920313096845"
"17","0.0011905500628041"
"17.5","0.0011900708779485"
"18","0.001190061337584"
"18.5","0.0011899867229227"
"19","0.0011899469352021"
"19.5","0.0011899387661438"
"20","0.0011899594206145"
"20.5","0.0011900063427391"
"21","0.0011900771955352"
"21.5","0.0011901698422231"
"22","0.0011902823291192"
"22.5","0.0011904128699794"
"23","0.001188897807888"
"23.5","0.0011830927883895"
"24","0.0011819969538977"
"24.5","0.0011824258841268"
"25","0.001182967209757"
"25.5","0.0011849724285241"
"26","0.0011874436207279"
"26.5","0.0011885868722904"
"27","0.0011887472068259"
"27.5","0.001188912915257"
"28","0.0011890829024252"
"28.5","0.0011892567429368"
"29","0.0011894340491344"
"29.5","0.0011896144654293"
"30","0.0011897976656257"
"30.5","0.0011899833504806"
"31","0.0011901712454691"
"31.5","0.0011903610987378"
"32","0.00119055267923"
"32.5","0.0011907457749674"
"33","0.0011909401914771"
"33.5","0.0011911357503485"
"34","0.0011913322879125"
"34.5","0.0011915296540296"
"35","0.0011917277109796"
"35.5","0.0011919263324441"
"36","0.0011921254025725"
"36.5","0.0011923248151268"
"37","0.0011925244726964"
"37.5","0.0011927242859786"
"38","0.0011929241731178"
"38.5","0.0011931240591001"
"39","0.0011933238751973"
"39.5","0.001193523558457"
"40","0.0011937230512342"
"40.5","0.0011939223007621"
"41","0.001194121258757"
"41.5","0.0011943198810568"
"42","0.0011945181272883"
"42.5","0.0011947159605616"
"43","0.0011949133471898"
"43.5","0.0011951102564315"
"44","0.0011953066602539"
"44.5","0.0011955025331156"
"45","0.0011956978517663"
"45.5","0.0011958925950638"
"46","0.0011960867438047"
"46.5","0.0011962802805694"
"47","0.0011964731895794"
"47.5","0.0011966654565663"
"48","0.001196857068651"
"48.5","0.0011970480142326"
"49","0.0011972382828869"
"49.5","0.0011974278652719"
"50","0.001197616753042"
"50.5","0.0011775217180761"
"51","0.0011713152769746"
"51.5","0.0011702641617587"
"52","0.0011646857482141"
"52.5","0.0011601412102165"
"53","0.0011574654494331"
"53.5","0.0011533482048851"
"54","0.001140367792092"
"54.5","0.0011268682538959"
"55","0.0011140572411096"
"55.5","0.0010998011592177"
"56","0.0010846924647045"
"56.5","0.0010844736795065"
"57","0.0010836550983975"
"57.5","0.0010633260200803"
"58","0.0010492681019042"
"58.5","0.0010377905561362"
"59","0.0010256528824825"
"59.5","0.0010125677664634"
"60","0.00099875001230597"
"60.5","0.00098448199434299"
"61","0.00097371612601415"
"61.5","0.00096540789814112"
"62","0.00096344609896105"
"62.5","0.00096251611482214"
"63","0.00095954530139222"
"63.5","0.00095772159401588"
"64","0.00095732732103147"
"64.5","0.00095705025503323"
"65","0.00095698636009778"
"65.5","0.00095680433056588"
"66","0.00095659386493302"
"66.5","0.00095645389953217"
"67","0.00095626540268793"
"67.5","0.00095590253873951"
"68","0.00095558384565421"
"68.5","0.00095530587293178"
"69","0.00095506480458757"
"69.5","0.00095485721423524"
"70","0.00095468002451913"
"70.5","0.00095453046852885"
"71","0.00095483741481353"
"71.5","0.00095559715405712"
"72","0.00095637730581002"
"72.5","0.0009571761132712"
"73","0.00095799199214966"
"73.5","0.00095882351022732"
"74","0.0009596693706156"
"74.5","0.00096052839699487"
"75","0.00096139952059233"
"75.5","0.00096228176868713"
"76","0.00096317425445755"
"76.5","0.00096407616800734"
"77","0.00096498676842839"
"77.5","0.00096590537677441"
"78","0.0009668313698356"
"78.5","0.00096776417461796"
"79","0.00096870326344242"
"79.5","0.00096964814958984"
"80","0.00097059838342659"
"80.5","0.00097155354895364"
"81","0.00097251326072923"
"81.5","0.00097347716112084"
"82","0.00097444491784828"
"82.5","0.00097541622178366"
"83","0.00097639078497878"
"83.5","0.00097736833889362"
"84","0.0009780043821911"
"84.5","0.00097864390104022"
"85","0.00097839696860093"
"85.5","0.00098158080486136"
"86","0.00097656258192858"
"86.5","0.00096893164925239"
"87","0.00096545322548422"
"87.5","0.00096707388845395"
"88","0.0009705862449826"
"88.5","0.00097179725558857"
"89","0.00097233571790207"
"89.5","0.00097513187021193"
"90","0.0009779865866161"
"90.5","0.00098064866861556"
"91","0.00098347789475877"
"91.5","0.00098399235116488"
"92","0.00098274284846197"
"92.5","0.00098491935567251"
"93","0.00098696797007642"
"93.5","0.00098852882428484"
"94","0.0009906512222624"
"94.5","0.00099296805600931"
"95","0.00099581656455018"
"95.5","0.00099630975609534"
"96","0.00099681132108314"
"96.5","0.0009973177596138"
"97","0.00099782821391544"
"97.5","0.00099834193830097"
"98","0.00099885827617767"
"98.5","0.00099937664945902"
"99","0.00099989654927245"
"99.5","0.001000417527768"
"100","0.0010009391908976"
"100.5","0.00100146119205"
"101","0.0010019832264402"
"101.5","0.0010025050261643"
"102","0.00100302635584"
"102.5","0.001003547008764"
"103","0.0010040668035252"
"103.5","0.0010045855810187"
"104","0.0010051032018137"
"104.5","0.0010056195438329"
"105","0.0010061345003072"
"105.5","0.001006647977972"
"106","0.0010071598954763"
"106.5","0.0010076701819813"
"107","0.0010081787759233"
"107.5","0.0010086856239232"
"108","0.001009190679825"
"108.5","0.0010096939038471"
"109","0.0010101952618342"
"109.5","0.0010106947245973"
"110","0.0010111922673306"
"110.5","0.0010116878690985"
"111","0.0010121815123813"
"111.5","0.0010126731826754"
"112","0.0010131628681395"
"112.5","0.0010136505592836"
"113","0.0010141362486929"
"113.5","0.0010146199307847"
"114","0.0010151016015942"
"114.5","0.0010155812585846"
"115","0.0010160589004792"
"115.5","0.0010165345271142"
"116","0.0010170081393071"
"116.5","0.0010173721577724"
"117","0.0010178417836909"
"117.5","0.0010183094189441"
"118","0.0010187750446975"
"118.5","0.00100001274549"
"119","0.00099603949651827"
"119.5","0.00099502478898506"
"120","0.00099104776276851"
"120.5","0.00098743106303752"
"121","0.00098552817395899"
"121.5","0.00098290106362118"
"122","0.00097787924965708"
"122.5","0.00098086695064802"
"123","0.00098607963263772"
"123.5","0.00099052480452047"
"124","0.00099452786958813"
"124.5","0.0009985098643221"
"125","0.00099880468446228"
"125.5","0.0010028522896169"
"126","0.0010058251188267"
"126.5","0.0010096428208739"
"127","0.001013470222508"
"127.5","0.0010179572092953"
"128","0.0010247929612283"
"128.5","0.0010299367185219"
"129","0.0010326728083673"
"129.5","0.0010355219575753"
"130","0.0010385246974109"
"130.5","0.0010415316905313"
"131","0.0010446858709305"
"131.5","0.0010478419889655"
"132","0.0010522176745925"
"132.5","0.0010574451791908"
"133","0.001059358845004"
"133.5","0.0010595547206393"
"134","0.0010667584661922"
"134.5","0.0010738873565723"
"135","0.0010803313525279"
"135.5","0.0010862256594827"
"136","0.0010919377447445"
"136.5","0.0010976732629995"
"137","0.0011033452043364"
"137.5","0.0011087659892636"
"138","0.001114023651313"
"138.5","0.0011190242329228"
"139","0.001123865993218"
"139.5","0.001128346147957"
"140","0.0011322202293279"
"140.5","0.0011350527479474"
"141","0.0011377494592632"
"141.5","0.0011406048430072"
"142","0.0011436169000786"
"142.5","0.0011466475615614"
"143","0.0011491495184923"
"143.5","0.0011499990400669"
"144","0.0011509046974762"
"144.5","0.0011508620070184"
"145","0.0011482618551815"
"145.5","0.0011495474940907"
"146","0.0011505741057437"
"146.5","0.0011518014715363"
"147","0.0011533812542433"
"147.5","0.0011551456639388"
"148","0.001156778321209"
"148.5","0.0011584328063035"
"149","0.0011602636916063"
"149.5","0.0011619585120785"
"150","0.0011636706958443"
"150.5","0.0011654001458358"
"151","0.0011671456530595"
"151.5","0.0011689060920663"
"152","0.0011706804225925"
"152.5","0.0011724676822282"
"153","0.0011742669797169"
"153.5","0.0011760774888942"
"154","0.0011778984431994"
"154.5","0.0011797291307053"
"155","0.0011812544983003"
"155.5","0.0011789806406774"
"156","0.0011766248802636"
"156.5","0.0011681969327361"
"157","0.0011594315506987"
"157.5","0.0011512771693546"
"158","0.0011436562770303"
"158.5","0.0011363057148042"
"159","0.001129216309608"
"159.5","0.0011223725996987"
"160","0.0011155337325053"
"160.5","0.0011089282983557"
"161","0.0011013969352762"
"161.5","0.0011020909731808"
"162","0.0011027985966373"
"162.5","0.0011036784365018"
"163","0.0011040637729543"
"163.5","0.0011057511004652"
"164","0.0011059738441213"
"164.5","0.0011081286734674"
"165","0.0011101578270102"
"165.5","0.0011118842764685"
"166","0.0011134562474442"
"166.5","0.0011148708834556"
"167","0.0011156284824746"
"167.5","0.0011163846353954"
"168","0.0011171389423811"
"168.5","0.0011177222385498"
"169","0.0011183030467275"
"169.5","0.0011188810913889"
"170","0.0011194563081694"
"170.5","0.0011200286411744"
"171","0.0011205980420831"
"171.5","0.0011211644693066"
"172","0.001121727887242"
"172.5","0.0011222882656093"
"173","0.0011228455788634"
"173.5","0.0011233998056715"
"174","0.0011239509284487"
"174.5","0.0011244989329457"
"175","0.0011250438078824"
"175.5","0.0011255855446217"
"176","0.0011257774080467"
"176.5","0.0011243138853956"
"177","0.001126140840712"
"177.5","0.0011254081059838"
"178","0.0011235564636552"
"178.5","0.0011167689080873"
"179","0.0011025398005418"
"179.5","0.001087268154206"
"180","0.0010737747354386"
"180.5","0.0010742874943679"
"181","0.0010605212162045"
"181.5","0.0010575481403952"
"182","0.0010508363555119"
"182.5","0.0010446768215036"
"183","0.0010373823163742"
"183.5","0.0010377407105289"
"184","0.0010200895260804"
"184.5","0.0010232487303539"
"185","0.001020322169782"
"185.5","0.0010159436589548"
"186","0.0010115894743861"
"186.5","0.0010082132187491"
"187","0.0010042251947773"
"187.5","0.0010045547330843"
"188","0.0010049199882543"
"188.5","0.001005315892527"
"189","0.0010057389155935"
"189.5","0.0010061859290321"
"190","0.0010066541554858"
"190.5","0.0010071411279449"
"191","0.0010076446538124"
"191.5","0.0010081627831802"
"192","0.0010086937808295"
"192.5","0.001009236101521"
"193","0.0010097883681877"
"193.5","0.0010103493526929"
"194","0.0010109179588469"
"194.5","0.0010114932074196"
"195","0.0010120742229101"
"195.5","0.0010126602218661"
"196","0.0010132505025693"
"196.5","0.0010138444359248"
"197","0.0010144414574114"
"197.5","0.0010150410599663"
"198","0.0010156427876944"
"198.5","0.0010162462303038"
"199","0.0010168510181813"
"199.5","0.0010174568180326"
"200","0.0010180633290201"
"200.5","0.0010186702793395"
"201","0.0010192774231843"
"201.5","0.0010198845380514"
"202","0.0010204914223487"
"202.5","0.0010210978932692"
"203","0.0010217037849002"
"203.5","0.0010223089465404"
"204","0.0010229132412013"
"204.5","0.0010235165442707"
"205","0.00102411874232"
"205.5","0.00102471973204"
"206","0.0010253194192879"
"206.5","0.0010259177182358"
"207","0.0010309546129362"
"207.5","0.0010396205777117"
"208","0.0010434061830967"
"208.5","0.0010493100098782"
"209","0.0010532434335055"
"209.5","0.0010594286741386"
"210","0.0010647288829917"
"210.5","0.0010647692950888"
"211","0.0010646685282587"
"211.5","0.0010618903572736"
"212","0.0010603616655011"
"212.5","0.0010593968413209"
"213","0.0010582458019948"
"213.5","0.0010571016372607"
"214","0.0010559607111606"
"214.5","0.0010548215677231"
"215","0.0010536829358751"
"215.5","0.0010525437241465"
"216","0.0010514029982487"
"216.5","0.0010502599614871"
"217","0.0010491139375016"
"217.5","0.0010479643550666"
"218","0.0010456550469616"
"218.5","0.0010439418651728"
"219","0.001045854741038"
"219.5","0.0010446552517332"
"220","0.0010438565360326"
"220.5","0.0010413213262248"
"221","0.0010380058108075"
"221.5","0.0010347008488827"
"222","0.0010309794739885"
"222.5","0.001031546175575"
"223","0.0010321150564693"
"223.5","0.0010326845172809"
"224","0.0010332542258823"
"224.5","0.0010338238934642"
"225","0.0010343932647617"
"225.5","0.0010349621141291"
"226","0.0010355302420998"
"226.5","0.001036097472355"
"227","0.0010366636490503"
"227.5","0.0010372286344584"
"228","0.0010377923068893"
"228.5","0.0010383545588565"
"229","0.0010389152954572"
"229.5","0.0010394744329435"
"230","0.0010400318974605"
"230.5","0.0010405876239315"
"231","0.0010411415550735"
"231.5","0.0010416936405265"
"232","0.001042243836084"
"232.5","0.0010427921030125"
"233","0.001043338407449"
"233.5","0.0010438827198678"
"234","0.0010444250146082"
"234.5","0.0010449652694563"
"235","0.0010455034652739"
"235.5","0.0010460395856695"
"236","0.0010465736167065"
"236.5","0.0010471055466434"
"237","0.0010476353657043"
"237.5","0.001048163065873"
"238","0.0010486886407117"
"238.5","0.0010492120851983"
"239","0.0010497333955819"
"239.5","0.001050252569254"
"240","0.0010507696046333"
"240.5","0.0010512845010634"
"241","0.0010517972587206"
"241.5","0.001052307878532"
"242","0.0010528163621019"
"242.5","0.0010533227116459"
"243","0.0010538269299318"
"243.5","0.0010543290202265"
"244","0.0010548289862483"
"244.5","0.0010553268321239"
"245","0.00105582256235"
"245.5","0.0010645079331534"
"246","0.0010671603867118"
"246.5","0.0010701261164424"
"247","0.0010751044977674"
"247.5","0.0010792389502343"
"248","0.0010822090296618"
"248.5","0.0010855936141464"
"249","0.0010888351908953"
"249.5","0.001092768852432"
"250","0.0010957094035993"
"250.5","0.0010986290690178"
"251","0.0011024006618597"
"251.5","0.0010959887984971"
"252","0.0010964680831451"
"252.5","0.0011028923125715"
"253","0.0011084913895898"
"253.5","0.0011145425920983"
"254","0.0011211929167793"
"254.5","0.0011278126840105"
"255","0.0011336656416924"
"255.5","0.0011374660953355"
"256","0.0011409282688885"
"256.5","0.0011413692856524"
"257","0.0011413053463342"
"257.5","0.0011399623754208"
"258","0.0011403316816843"
"258.5","0.0011382559946288"
"259","0.0011376075523431"
"259.5","0.0011369751887687"
"260","0.0011363638965889"
"260.5","0.0011357707231879"
"261","0.0011351930945019"
"261.5","0.0011346287238418"
"262","0.0011361658584914"
"262.5","0.0011373825164101"
"263","0.0011379108941335"
"263.5","0.0011384432776265"
"264","0.0011388025703812"
"264.5","0.0011391654878127"
"265","0.0011395312306546"
"265.5","0.0011398992757997"
"266","0.001140269153061"
"266.5","0.0011406404397966"
"267","0.0011410127560083"
"267.5","0.001141385759963"
"268","0.0011417591442797"
"268.5","0.0011421326324301"
"269","0.0011425059756099"
"269.5","0.0011428789499386"
"270","0.0011432513539538"
"270.5","0.0011436230063676"
"271","0.0011439937440565"
"271.5","0.0011443634202608"
"272","0.0011447319029694"
"272.5","0.0011450990734719"
"273","0.0011454648250589"
"273.5","0.001145829061855"
"274","0.0011461916977713"
"274.5","0.0011465526555629"
"275","0.0011469118659823"
"275.5","0.0011472692670176"
"276","0.0011476248032065"
"276.5","0.0011479784250185"
"277","0.0011483300882984"
"277.5","0.0011486797537645"
"278","0.0011490273865556"
"278.5","0.0011493729558223"
"279","0.0011497164343577"
"279.5","0.0011500577982636"
"280","0.0011496699572847"
"280.5","0.001151360156213"
"281","0.001144664402337"
"281.5","0.0011381124661941"
"282","0.0011220158010889"
"282.5","0.0011092311328133"
"283","0.0010924538697471"
"283.5","0.0010844812318561"
"284","0.0010817978422032"
"284.5","0.0010751818496621"
"285","0.0010693586432158"
"285.5","0.0010641507238499"
"286","0.0010586997407793"
"286.5","0.0010589604422279"
"287","0.001060712958156"
"287.5","0.0010557226913356"
"288","0.0010527651477775"
"288.5","0.0010477018191781"
"289","0.0010443308810077"
"289.5","0.0010403141942905"
"290","0.0010365078044193"
"290.5","0.0010367622138182"
"291","0.0010370426263523"
"291.5","0.0010373451965657"
"292","0.0010376673639076"
"292.5","0.0010380068581552"
"293","0.0010383616623149"
"293.5","0.0010387299835171"
"294","0.0010391102273051"
"294.5","0.0010395009749109"
"295","0.0010399009631745"
"295.5","0.0010403090667973"
"296","0.0010407242826608"
"296.5","0.0010411457159681"
"297","0.0010415725679967"
"297.5","0.0010420041252721"
"298","0.0010424397499987"
"298.5","0.0010428788715976"
"299","0.0010433209792238"
"299.5","0.0010437656151473"
"300","0.0010442123688955"
"300.5","0.0010446608720705"
"301","0.0010451107937584"
"301.5","0.0010455618364653"
"302","0.0010460137325149"
"302.5","0.0010464662408562"
"303","0.0010469191442322"
"303.5","0.0010473722466674"
"304","0.0010478253712384"
"304.5","0.0010482783580929"
"305","0.0010487310626891"
"305.5","0.0010491833542313"
"306","0.001049635114276"
"306.5","0.0010500862354925"
"307","0.0010505366205571"
"307.5","0.0010509861811682"
"308","0.0010514348371662"
"308.5","0.0010518825157485"
"309","0.0010523291507669"
"309.5","0.0010527746820999"
"310","0.0010532190550894"
"310.5","0.001053662220037"
"311","0.0010541041317511"
"311.5","0.0010545447491408"
"312","0.0010549840348505"
"312.5","0.0010554219549308"
"313","0.0010558584785425"
"313.5","0.0010645974692639"
"314","0.0010675518116324"
"314.5","0.0010704944313192"
"315","0.0010754637865427"
"315.5","0.0010795847243073"
"316","0.0010825332426913"
"316.5","0.001086043562617"
"317","0.0010894155748333"
"317.5","0.0010933409831137"
"318","0.0010961109958418"
"318.5","0.0010987065315816"
"319","0.001101600691547"
"319.5","0.0011044951453946"
"320","0.0011047185025482"
"320.5","0.0011081542635631"
"321","0.0011112031814199"
"321.5","0.0011143871809405"
"322","0.0011174200418861"
"322.5","0.0011201443910522"
"323","0.0011227074025893"
"323.5","0.0011247942004535"
"324","0.0011270348663032"
"324.5","0.0011292764484393"
"325","0.0011316739069312"
"325.5","0.0011340714265507"
"326","0.0011364670543831"
"326.5","0.0011387038993531"
"327","0.001140938029082"
"327.5","0.001141308034341"
"328","0.0011452545932312"
"328.5","0.0011522680326413"
"329","0.0011589746820042"
"329.5","0.001164627465195"
"330","0.0011695392039277"
"330.5","0.001174038793466"
"331","0.0011784991945224"
"331.5","0.0011829321027165"
"332","0.001187216948772"
"332.5","0.0011913507443936"
"333","0.0011953342932228"
"333.5","0.0011990395722522"
"334","0.0012025939359789"
"334.5","0.0012058663956708"
"335","0.001208851354175"
"335.5","0.0012115461777619"
"336","0.0012142417622627"
"336.5","0.0012170859213337"
"337","0.0012199352028019"
"337.5","0.0012229273049749"
"338","0.0012254930276691"
"338.5","0.0012261408019565"
"339","0.0012249937401912"
"339.5","0.0012252069739344"
"340","0.0012259771938415"
"340.5","0.00122607392836"
"341","0.0012262035463633"
"341.5","0.0012265392290069"
"342","0.0012277528824376"
"342.5","0.0012291484909093"
"343","0.0012307179481098"
"343.5","0.0012324568712124"
"344","0.0012342026521238"
"344.5","0.0012359535836465"
"345","0.0012378676739649"
"345.5","0.0012397862100426"
"346","0.001241707533528"
"346.5","0.0012436314434795"
"347","0.0012455577642995"
"347.5","0.0012474863311056"
"348","0.0012492587535608"
"348.5","0.0012510332152686"
"349","0.0012528107817169"
"349.5","0.0012545912431174"
"350","0.0012557199174757"
"350.5","0.0012530532254016"
"351","0.0012500816311229"
"351.5","0.0012390710016594"
"352","0.0012286636702225"
"352.5","0.0012185998617283"
"353","0.001209117475284"
"353.5","0.0012001703989482"
"354","0.0011914846381893"
"354.5","0.0011830551202158"
"355","0.0011748684173765"
"355.5","0.0011669139510783"
"356","0.0011579774614751"
"356.5","0.0011584047618155"
"357","0.0011507740590656"
"357.5","0.0011503456940959"
"358","0.0011495437635912"
"358.5","0.0011509532224145"
"359","0.0011510652785617"
"359.5","0.0011528308098996"
"360","0.0011544761212258"
"360.5","0.0011558207211108"
"361","0.0011568509043224"
"361.5","0.0011573846242123"
"362","0.0011577514650531"
"362.5","0.0011581217039073"
"363","0.0011584945634842"
"363.5","0.0011588695375795"
"364","0.0011592461726832"
"364.5","0.0011596240624369"
"365","0.0011600028426443"
"365.5","0.0011602073187054"
"366","0.0011604116147225"
"366.5","0.0011606151607064"
"367","0.0011608177920995"
"367.5","0.001161019360262"
"368","0.0011612197314684"
"368.5","0.0011614187854032"
"369","0.0011616164138187"
"369.5","0.0011618125193318"
"370","0.0011620070143474"
"370.5","0.0011621998200938"
"371","0.0011620331302349"
"371.5","0.0011601603141269"
"372","0.0011611949942207"
"372.5","0.0011590949301932"
"373","0.0011560237137971"
"373.5","0.0011477264166523"
"374","0.0011319529194535"
"374.5","0.0011154079930078"
"375","0.0011004126586047"
"375.5","0.0011006947004392"
"376","0.0010875620104043"
"376.5","0.0010837141607266"
"377","0.0010768979185117"
"377.5","0.0010661540746008"
"378","0.0010609930430861"
"378.5","0.0010532732038225"
"379","0.0010324124195977"
"379.5","0.001038376675105"
"380","0.0010287738293732"
"380.5","0.0010251884555444"
"381","0.0010211158383211"
"381.5","0.0010158314155402"
"382","0.0010084245482066"
"382.5","0.0010084803190383"
"383","0.0010085921242547"
"383.5","0.0010087505247287"
"384","0.0010089504135201"
"384.5","0.0010091872663243"
"385","0.0010094570604571"
"385.5","0.001009756217314"
"386","0.001010081551508"
"386.5","0.0010104302258749"
"387","0.0010107997116851"
"387.5","0.001011187753469"
"388","0.0010115923379282"
"388.5","0.0010120116664595"
"389","0.0010124441308768"
"389.5","0.0010128882919557"
"390","0.0010133428604738"
"390.5","0.0010138066804536"
"391","0.0010142787143501"
"391.5","0.0010147580299551"
"392","0.0010152437888153"
"392.5","0.0010157352359874"
"393","0.0010162316909721"
"393.5","0.0010167325396881"
"394","0.0010172372273646"
"394.5","0.0010177452522424"
"395","0.0010182561599917"
"395.5","0.001018769538759"
"396","0.0010192850147721"
"396.5","0.0010198022484367"
"397","0.0010203209308672"
"397.5","0.0010208407808016"
"398","0.0010213615418558"
"398.5","0.0010218829800778"
"399","0.0010224048817672"
"399.5","0.0010229270515297"
"400","0.0010234493105397"
"400.5","0.0010239714949868"
"401","0.001024493454686"
"401.5","0.0010250150518323"
"402","0.0010300252484609"
"402.5","0.0010387102128896"
"403","0.0010421574385029"
"403.5","0.0010482529807674"
"404","0.0010521657627468"
"404.5","0.001058357989066"
"405","0.0010636558294688"
"405.5","0.0010638196420687"
"406","0.001063653189128"
"406.5","0.0010607858778525"
"407","0.0010591773059494"
"407.5","0.0010581362326545"
"408","0.0010567155960718"
"408.5","0.0010553042806277"
"409","0.0010540864213552"
"409.5","0.0010528679557101"
"410","0.0010516496231518"
"410.5","0.0010504304166035"
"411","0.0010492094945017"
"411.5","0.0010479861425087"
"412","0.001046759757528"
"412.5","0.0010455298334616"
"413","0.0010431308240177"
"413.5","0.0010446781715142"
"414","0.0010448862420951"
"414.5","0.0010426514663605"
"415","0.0010410330599236"
"415.5","0.0010378114433675"
"416","0.0010339990046969"
"416.5","0.0010299865312462"
"417","0.0010255520863859"
"417.5","0.0010260489860936"
"418","0.0010265497683927"
"418.5","0.0010270522891652"
"419","0.0010275561236988"
"419.5","0.0010280609023962"
"420","0.0010285662979258"
"420.5","0.0010290720202748"
"421","0.001029577812418"
"421.5","0.0010300834465011"
"422","0.0010305887204767"
"422.5","0.0010310934551375"
"423","0.0010315974915008"
"423.5","0.0010321006885007"
"424","0.0010326029209525"
"424.5","0.0010331040777557"
"425","0.0010336040603076"
"425.5","0.0010341027811024"
"426","0.0010346001624937"
"426.5","0.0010350961356001"
"427","0.0010355906393387"
"427.5","0.001036083619569"
"428","0.0010365750283364"
"428.5","0.0010370648232021"
"429","0.0010375529666489"
"429.5","0.0010380394255555"
"430","0.0010385241707299"
"430.5","0.0010390071764957"
"431","0.001039488420324"
"431.5","0.0010399678825078"
"432","0.0010404455458708"
"432.5","0.0010409213955101"
"433","0.0010413954185657"
"433.5","0.0010418676040162"
"434","0.0010423379424957"
"434.5","0.0010428064261311"
"435","0.0010432730483964"
"435.5","0.0010437378039828"
"436","0.0010442006886818"
"436.5","0.0010446616992812"
"437","0.0010451208334712"
"437.5","0.0010455780897608"
"438","0.0010460334674022"
"438.5","0.0010464869663229"
"439","0.0010469385870643"
"439.5","0.0010473883307272"
"440","0.0010478361989213"
"440.5","0.0010566265343932"
"441","0.0010603747505759"
"441.5","0.0010628686938161"
"442","0.0010678308848671"
"442.5","0.0010720859021109"
"443","0.0010750320280722"
"443.5","0.0010783943104574"
"444","0.0010817582250447"
"444.5","0.0010858137620814"
"445","0.0010887298939094"
"445.5","0.00109162269594"
"446","0.0010955129125432"
"446.5","0.001089004760461"
"447","0.0010904333547901"
"447.5","0.0010973875760431"
"448","0.0011031143384478"
"448.5","0.0011091675952739"
"449","0.0011157396617544"
"449.5","0.0011223605628891"
"450","0.0011283044886995"
"450.5","0.0011320774443995"
"451","0.0011355062888337"
"451.5","0.0011362474983896"
"452","0.0011364826941884"
"452.5","0.0011367500739335"
"453","0.0011373975834517"
"453.5","0.0011364183054468"
"454","0.001135677704339"
"454.5","0.0011349653747"
"455","0.0011342788005139"
"455.5","0.0011336145878465"
"456","0.0011329697267258"
"456.5","0.0011323415417272"
"457","0.0011328157762215"
"457.5","0.0011344816523257"
"458","0.001135824628052"
"458.5","0.0011366563830131"
"459","0.001137140930595"
"459.5","0.0011374526437958"
"460","0.0011377692771416"
"460.5","0.0011380899203449"
"461","0.0011384139529787"
"461.5","0.0011387408172131"
"462","0.0011390700114302"
"462.5","0.0011394010844158"
"463","0.001139733630172"
"463.5","0.0011400672832814"
"464","0.0011404017147642"
"464.5","0.0011407366283731"
"465","0.0011410717572802"
"465.5","0.0011414068611116"
"466","0.0011417417232942"
"466.5","0.001142076148679"
"467","0.0011424099614125"
"467.5","0.0011427430030286"
"468","0.0011430751307388"
"468.5","0.0011434062158967"
"469","0.001143736142622"
"469.5","0.0011440648065632"
"470","0.0011443921137874"
"470.5","0.0011447179797816"
"471","0.001145042328555"
"471.5","0.0011453650918311"
"472","0.0011456862083201"
"472.5","0.001146005623064"
"473","0.0011463232868458"
"473.5","0.0011466391556572"
"474","0.0011469531902173"
"474.5","0.0011472653555394"
"475","0.0011466577242466"
"475.5","0.001148485078541"
"476","0.00114122532944"
"476.5","0.0011339316067543"
"477","0.0011166324992609"
"477.5","0.0011090419852334"
"478","0.0011073413322391"
"478.5","0.0010930103683706"
"479","0.0010892197352115"
"479.5","0.0010811808120072"
"480","0.0010746921293252"
"480.5","0.001069033050827"
"481","0.001062674567831"
"481.5","0.0010629360204489"
"482","0.0010646970692432"
"482.5","0.001058756757564"
"483","0.0010541554208812"
"483.5","0.0010505470219512"
"484","0.0010462940523355"
"484.5","0.0010418385667488"
"485","0.0010397656824407"
"485.5","0.0010400138701326"
"486","0.0010402851672432"
"486.5","0.0010405767589833"
"487","0.0010408862855181"
"487.5","0.0010412116524743"
"488","0.0010415509997649"
"488.5","0.0010419026746325"
"489","0.0010422652078264"
"489.5","0.0010426372925526"
"490","0.0010430177658734"
"490.5","0.0010434055922728"
"491","0.0010437998491358"
"491.5","0.0010441997139171"
"492","0.0010446044528031"
"492.5","0.0010450134106912"
"493","0.0010454260023328"
"493.5","0.0010458417045029"
"494","0.0010462600490764"
"494.5","0.0010466806169046"
"495","0.0010471030323979"
"495.5","0.0010475269587313"
"496","0.0010479520936011"
"496.5","0.0010483781654669"
"497","0.0010488049302226"
"497.5","0.0010492321682466"
"498","0.0010496596817855"
"498.5","0.0010500872926348"
"499","0.0010505148400795"
"499.5","0.0010509421790663"
"500","0.0010513691785792"
"500.5","0.0010517957201959"
"501","0.0010522216968038"
"501.5","0.0010526470114566"
"502","0.0010530715763567"
"502.5","0.0010534953119476"
"503","0.0010539181461045"
"503.5","0.0010543400134119"
"504","0.0010547608545182"
"504.5","0.0010551806155582"
"505","0.001055599247637"
"505.5","0.0010560167063668"
"506","0.0010564329514524"
"506.5","0.0010568479463185"
"507","0.0010572616577753"
"507.5","0.0010576740557176"
"508","0.001058085112854"
"508.5","0.0010668324629979"
"509","0.0010708735760913"
"509.5","0.0010735117924583"
"510","0.001078467753468"
"510.5","0.0010827133831732"
"511","0.0010856476253969"
"511.5","0.0010891434394468"
"512","0.0010927864429709"
"512.5","0.0010971057109874"
"513","0.0011000142068155"
"513.5","0.0011025888771269"
"514","0.001105461418948"
"514.5","0.001108334378912"
"515","0.0011087080332783"
"515.5","0.0011121274073768"
"516","0.0011146990181954"
"516.5","0.0011178575152282"
"517","0.0011208722689136"
"517.5","0.0011237293975264"
"518","0.0011265795362594"
"518.5","0.0011289638404671"
"519","0.0011311832705097"
"519.5","0.0011335578034178"
"520","0.0011359328839806"
"520.5","0.0011383065415509"
"521","0.001140678737875"
"521.5","0.0011410201503045"
"522","0.0011478223552137"
"522.5","0.0011549597199333"
"523","0.0011616236566005"
"523.5","0.0011670108291696"
"524","0.0011718570995788"
"524.5","0.0011766505569165"
"525","0.0011809354872753"
"525.5","0.0011850580211227"
"526","0.0011891554012668"
"526.5","0.0011932317376303"
"527","0.0011972872809105"
"527.5","0.0012011977235098"
"528","0.0012049607258141"
"528.5","0.0012084466983674"
"529","0.0012117852968821"
"529.5","0.0012148437671738"
"530","0.0012176168608433"
"530.5","0.0012202477465013"
"531","0.0012228849250054"
"531.5","0.0012255303945805"
"532","0.0012283261836025"
"532.5","0.0012311290590313"
"533","0.0012333528099314"
"533.5","0.0012336162551379"
"534","0.0012337484762093"
"534.5","0.0012312249406608"
"535","0.0012314738194048"
"535.5","0.001231398821322"
"536","0.0012315382404096"
"536.5","0.0012318831572823"
"537","0.0012329382495974"
"537.5","0.0012343415276012"
"538","0.0012357566894026"
"538.5","0.0012373433101585"
"539","0.0012390981365732"
"539.5","0.0012408591235217"
"540","0.0012426246241409"
"540.5","0.0012443943185218"
"541","0.001246325796035"
"541.5","0.0012482609440094"
"542","0.001250198162856"
"542.5","0.0012521372963272"
"543","0.0012539203558396"
"543.5","0.0012557051518281"
"544","0.0012574927635858"
"544.5","0.0012592830004552"
"545","0.001260422618028"
"545.5","0.0012581923762526"
"546","0.0012550128288737"
"546.5","0.0012426115536513"
"547","0.0012315033799292"
"547.5","0.001220983377816"
"548","0.0012110424886728"
"548.5","0.001201390199686"
"549","0.0011922685885116"
"549.5","0.0011833946221002"
"550","0.0011747660510165"
"550.5","0.0011663713501257"
"551","0.0011572322382376"
"551.5","0.0011576449861433"
"552","0.0011480240120737"
"552.5","0.0011479153211262"
"553","0.0011465460716701"
"553.5","0.0011483884090526"
"554","0.0011483147843916"
"554.5","0.0011500642376738"
"555","0.0011516986937601"
"555.5","0.0011530368114917"
"556","0.0011537303751833"
"556.5","0.0011542633660647"
"557","0.001154631785242"
"557.5","0.0011550050219757"
"558","0.0011553821566345"
"558.5","0.001155762553434"
"559","0.001156145642523"
"559.5","0.0011563569976761"
"560","0.0011565694779824"
"560.5","0.0011567823890978"
"561","0.0011569954502403"
"561.5","0.0011572084080956"
"562","0.0011574210345907"
"562.5","0.0011576331243174"
"563","0.0011578444922308"
"563.5","0.001158054971591"
"564","0.0011582644121224"
"564.5","0.0011584726783658"
"565","0.001158679648204"
"565.5","0.0011588852115411"
"566","0.0011589120012296"
"566.5","0.0011570572220319"
"567","0.0011574283873384"
"567.5","0.0011549551573906"
"568","0.0011514973581017"
"568.5","0.0011427641360852"
"569","0.0011265218627574"
"569.5","0.0011095188143651"
"570","0.0010943485877283"
"570.5","0.0010946184147785"
"571","0.0010815478443349"
"571.5","0.0010767102331546"
"572","0.0010694965090818"
"572.5","0.0010583149587818"
"573","0.0010529605223372"
"573.5","0.0010530700780212"
"574","0.0010465446067087"
"574.5","0.0010469928716094"
"575","0.0010363867971624"
"575.5","0.0010322411436998"
"576","0.001026946482227"
"576.5","0.0010222933114736"
"577","0.0010172117138881"
"577.5","0.0010172966183348"
"578","0.0010174308579323"
"578.5","0.0010176075948854"
"579","0.0010178222092264"
"579.5","0.0010180705972718"
"580","0.0010183491064522"
"580.5","0.0010186544839057"
"581","0.0010189838309929"
"581.5","0.0010193345630394"
"582","0.0010197043737187"
"582.5","0.0010200912035448"
"583","0.0010204932120068"
"583.5","0.0010209087529247"
"584","0.0010213363526556"
"584.5","0.0010217746908199"
"585","0.0010222225832538"
"585.5","0.0010226789669295"
"586","0.0010231428866135"
"586.5","0.0010236134830588"
"587","0.0010240899825539"
"587.5","0.0010245716876668"
"588","0.0010250579690468"
"588.5","0.0010255482581592"
"589","0.0010260420408436"
"589.5","0.0010265388516002"
"590","0.0010270382685185"
"590.5","0.0010275399087748"
"591","0.0010280434246302"
"591.5","0.0010285484998735"
"592","0.0010290548466554"
"592.5","0.00102956220267"
"593","0.0010300703286432"
"593.5","0.0010305790060928"
"594","0.001031088035329"
"594.5","0.0010315972336684"
"595","0.0010321064338368"
"595.5","0.0010326154825393"
"596","0.0010331242391795"
"596.5","0.0010336325747106"
"597","0.0010397194963886"
"597.5","0.0010482601655286"
"598","0.0010525607840232"
"598.5","0.001058674587191"
"599","0.0010627167313052"
"599.5","0.0010689969079076"
"600","0.001074169376103"
"600.5","0.001076538978308"
"601","0.0010761398395785"
"601.5","0.0010734375820722"
"602","0.0010717915662882"
"602.5","0.0010705318638753"
"603","0.001069085637987"
"603.5","0.0010676490176872"
"604","0.0010662177331245"
"604.5","0.0010647900161121"
"605","0.0010633643209641"
"605.5","0.0010619393195982"
"606","0.0010605138744521"
"606.5","0.0010590870148364"
"607","0.0010576579160744"
"607.5","0.0010562258811128"
"608","0.0010538125878976"
"608.5","0.0010547014395587"
"609","0.0010541772888704"
"609.5","0.0010517374661148"
"610","0.0010497190390775"
"610.5","0.0010460700928973"
"611","0.001041824106113"
"611.5","0.0010375884343322"
"612","0.0010343791510767"
"612.5","0.0010348655458928"
"613","0.001035355271201"
"613.5","0.0010358469817576"
"614","0.0010363402328925"
"614.5","0.0010368346340018"
"615","0.0010373298390107"
"615.5","0.0010378255411972"
"616","0.0010383214686411"
"616.5","0.0010388173802111"
"617","0.001039313062025"
"617.5","0.001039808324327"
"618","0.0010403029987319"
"618.5","0.0010407969357934"
"619","0.0010412900028562"
"619.5","0.0010417820821606"
"620","0.0010422730691672"
"620.5","0.0010427628710773"
"621","0.0010432514055243"
"621.5","0.0010437385994176"
"622","0.0010442243879191"
"622.5","0.0010447087135382"
"623","0.0010451915253303"
"623.5","0.0010456727781868"
"624","0.0010461524322065"
"624.5","0.001046630452138"
"625","0.001047106806885"
"625.5","0.0010475814690675"
"626","0.0010480544146325"
"626.5","0.0010485256225071"
"627","0.0010489950742911"
"627.5","0.0010494627539831"
"628","0.0010499286477366"
"628.5","0.0010503927436426"
"629","0.0010508550315365"
"629.5","0.0010513155028245"
"630","0.0010517741503297"
"630.5","0.0010522309681543"
"631","0.0010526859515557"
"631.5","0.0010531390968363"
"632","0.0010535904012445"
"632.5","0.0010540398628857"
"633","0.0010544874806425"
"633.5","0.0010549332541029"
"634","0.001055377183496"
"634.5","0.0010558192696335"
"635","0.0010564353871131"
"635.5","0.0010651687509734"
"636","0.0010693654967123"
"636.5","0.0010701833034908"
"637","0.0010753386852326"
"637.5","0.0010795964572249"
"638","0.0010825403553494"
"638.5","0.0010860435364604"
"639","0.0010895509101779"
"639.5","0.0010941271432422"
"640","0.0010971970407066"
"640.5","0.0011002343200667"
"641","0.0011045175430945"
"641.5","0.0010989344798293"
"642","0.0010993539184756"
"642.5","0.0011065536684187"
"643","0.0011126896081587"
"643.5","0.0011187355435779"
"644","0.001125358379999"
"644.5","0.0011320243705026"
"645","0.0011381215539121"
"645.5","0.0011418676262733"
"646","0.0011454018595728"
"646.5","0.0011467982559527"
"647","0.0011469952766613"
"647.5","0.0011520673481877"
"648","0.0011511130499907"
"648.5","0.0011502677851278"
"649","0.0011494658427502"
"649.5","0.0011487022157737"
"650","0.0011479721600814"
"650.5","0.001147271450803"
"651","0.0011465963246385"
"651.5","0.0011459434303988"
"652","0.0011453097847522"
"652.5","0.0011471183099696"
"653","0.0011486189839034"
"653.5","0.0011496148624517"
"654","0.0011500919679183"
"654.5","0.0011503985089014"
"655","0.0011507120472834"
"655.5","0.0011510314689042"
"656","0.0011513559699903"
"656.5","0.0011515057747608"
"657","0.0011516604230821"
"657.5","0.0011518187904237"
"658","0.0011519802336117"
"658.5","0.0011521441745793"
"659","0.0011523100943618"
"659.5","0.0011524775273008"
"660","0.001152646062477"
"660.5","0.0011528153242499"
"661","0.0011529849753225"
"661.5","0.0011531547128766"
"662","0.0011533242650826"
"662.5","0.0011534933879742"
"663","0.0011536618626456"
"663.5","0.001153829492741"
"664","0.001153996102202"
"664.5","0.0011541615332475"
"665","0.0011543256445606"
"665.5","0.0011544883096611"
"666","0.0011546494154437"
"666.5","0.0011548088608647"
"667","0.0011549665557615"
"667.5","0.0011551224197909"
"668","0.0011552763814749"
"668.5","0.0011554283773403"
"669","0.001155578351146"
"669.5","0.0011557262531849"
"670","0.001155323102401"
"670.5","0.0011568389512963"
"671","0.0011503654763974"
"671.5","0.0011425744748881"
"672","0.0011250283248927"
"672.5","0.0011143383947739"
"673","0.0010946258538988"
"673.5","0.0010860198773021"
"674","0.0010831199974746"
"674.5","0.0010736015347356"
"675","0.0010700899827365"
"675.5","0.0010615843452968"
"676","0.0010580236027866"
"676.5","0.0010582528870766"
"677","0.0010625884678603"
"677.5","0.0010614499330093"
"678","0.0010582505463347"
"678.5","0.0010538517055301"
"679","0.0010492614476641"
"679.5","0.0010448739580765"
"680","0.0010418881627183"
"680.5","0.0010421668111438"
"681","0.0010424686035958"
"681.5","0.0010427903926353"
"682","0.0010431298567021"
"682.5","0.0010434849351305"
"683","0.0010438537961858"
"683.5","0.0010442348108494"
"684","0.0010446265296487"
"684.5","0.0010450276621732"
"685","0.0010454370589652"
"685.5","0.001045853695511"
"686","0.0010462766580888"
"686.5","0.0010467051312558"
"687","0.0010471383867854"
"687.5","0.001047575773884"
"688","0.0010480167105379"
"688.5","0.001048460675859"
"689","0.001048907203312"
"689.5","0.0010493558747204"
"690","0.0010498063149592"
"690.5","0.001050258187256"
"691","0.0010507111890275"
"691.5","0.0010511650481903"
"692","0.0010516195198895"
"692.5","0.0010520743835981"
"693","0.0010525294405423"
"693.5","0.0010529845114161"
"694","0.0010534394343511"
"694.5","0.0010538940631127"
"695","0.0010543482654951"
"695.5","0.0010548019218939"
"696","0.0010552549240352"
"696.5","0.0010557071738426"
"697","0.0010561585824278"
"697.5","0.001056609069189"
"698","0.0010570585610068"
"698.5","0.001057506991525"
"699","0.0010579543005072"
"699.5","0.001058400433261"
"700","0.0010588453401223"
"700.5","0.0010592889759923"
"701","0.0010597312999224"
"701.5","0.0010601722747403"
"702","0.0010606118667148"
"702.5","0.0010610500452528"
"703","0.0010614867826272"
"703.5","0.0010701910887461"
"704","0.0010736252182132"
"704.5","0.0010740936237125"
"705","0.0010788848173645"
"705.5","0.0010830029796914"
"706","0.0010859548533387"
"706.5","0.001089325389614"
"707","0.0010926987442754"
"707.5","0.001096896406952"
"708","0.0010998269891031"
"708.5","0.0011025809713817"
"709","0.0011056286250019"
"709.5","0.001108526771154"
"710","0.0011085670214894"
"710.5","0.0011118603863235"
"711","0.0011146081924141"
"711.5","0.0011177905548826"
"712","0.0011208270210801"
"712.5","0.0011237062651306"
"713","0.0011265782701785"
"713.5","0.0011289859258378"
"714","0.0011312288499834"
"714.5","0.0011336257527855"
"715","0.0011360227128471"
"715.5","0.0011321291167126"
"716","0.0011325360312733"
"716.5","0.0011400176936559"
"717","0.0011466571447099"
"717.5","0.0011521599463568"
"718","0.0011567785790122"
"718.5","0.0011613440297911"
"719","0.0011658826314168"
"719.5","0.0011705144653448"
"720","0.0011747562222197"
"720.5","0.001178839387682"
"721","0.0011830243089023"
"721.5","0.0011871905388626"
"722","0.0011913347423432"
"722.5","0.0011953323984718"
"723","0.0011990520501012"
"723.5","0.0012026206519551"
"724","0.0012060424524449"
"724.5","0.0012091814386864"
"725","0.0012120319583363"
"725.5","0.0012147368161277"
"726","0.0012174443992516"
"726.5","0.0012201568911659"
"727","0.0012230165126012"
"727.5","0.0012258803940575"
"728","0.0012281624580723"
"728.5","0.0012284824050735"
"729","0.0012286660884452"
"729.5","0.0012339884961351"
"730","0.0012345242969089"
"730.5","0.0012341984880216"
"731","0.0012342814529158"
"731.5","0.001234576537745"
"732","0.0012355877918551"
"732.5","0.0012367872177231"
"733","0.0012381672567021"
"733.5","0.001239722839829"
"734","0.0012412891692621"
"734.5","0.0012430243945824"
"735","0.0012447675098869"
"735.5","0.0012465167542106"
"736","0.001248271694236"
"736.5","0.0012500319370118"
"737","0.001251797116683"
"737.5","0.0012535668922495"
"738","0.0012553409456107"
"738.5","0.0012571189797838"
"739","0.0012589007172792"
"739.5","0.0012606858986176"
"740","0.0012616533934551"
"740.5","0.001259009878675"
"741","0.0012554176571708"
"741.5","0.0012424907738442"
"742","0.0012308993626679"
"742.5","0.0012199075567715"
"743","0.0012095063365483"
"743.5","0.0011996571164612"
"744","0.0011900777246288"
"744.5","0.0011807622070504"
"745","0.0011716955122354"
"745.5","0.0011628658387528"
"746","0.0011530373836504"
"746.5","0.0011534427834235"
"747","0.001144370348665"
"747.5","0.0011435823665815"
"748","0.0011416533583732"
"748.5","0.0011434760102683"
"749","0.0011426777841362"
"749.5","0.0011444059463122"
"750","0.0011460276899706"
"750.5","0.0011473571434474"
"751","0.0011482141449359"
"751.5","0.0011487467780989"
"752","0.0011491168964529"
"752.5","0.0011494930197796"
"753","0.0011498741070663"
"753.5","0.0011502594125995"
"754","0.0011506482680137"
"754.5","0.0011508667242144"
"755","0.0011510869315602"
"755.5","0.0011513081357076"
"756","0.0011515299990153"
"756.5","0.0011517522169628"
"757","0.0011519745153221"
"757.5","0.0011521966470537"
"758","0.0011524183895355"
"758.5","0.0011526395420848"
"759","0.0011528599237431"
"759.5","0.0011530793712945"
"760","0.0011532977374927"
"760.5","0.0011535148894731"
"761","0.0011533752175729"
"761.5","0.001150941062071"
"762","0.0011513213500702"
"762.5","0.0011484558525836"
"763","0.0011446065793601"
"763.5","0.0011356874223076"
"764","0.0011192498785419"
"764.5","0.0011017696304361"
"765","0.0010861548049586"
"765.5","0.0010864132704885"
"766","0.0010742229597099"
"766.5","0.0010707668633315"
"767","0.0010618918510562"
"767.5","0.0010532435127225"
"768","0.0010454843011144"
"768.5","0.0010455835740989"
"769","0.0010360161951729"
"769.5","0.0010404011545013"
"770","0.0010406130291434"
"770.5","0.0010359477921949"
"771","0.0010314058346394"
"771.5","0.0010264398495038"
"772","0.0010212667644186"
"772.5","0.0010214585511115"
"773","0.0010216904335967"
"773.5","0.0010219563974695"
"774","0.0010222527237073"
"774.5","0.0010225761079953"
"775","0.0010229236064885"
"775.5","0.0010232925948564"
"776","0.0010236807320656"
"776.5","0.0010240859283329"
"777","0.0010245063167737"
"777.5","0.0010249402283217"
"778","0.0010253861695434"
"778.5","0.001025842803013"
"779","0.0010263089299511"
"779.5","0.0010267834748634"
"780","0.0010272654719481"
"780.5","0.0010277540530642"
"781","0.0010282484370799"
"781.5","0.0010287479204391"
"782","0.0010292518688041"
"782.5","0.0010297597096491"
"783","0.0010302709256935"
"783.5","0.0010307850490763"
"784","0.0010313016561862"
"784.5","0.0010318203630713"
"785","0.0010323408213597"
"785.5","0.0010328627146334"
"786","0.001033385755202"
"786.5","0.0010339096812306"
"787","0.001034434254181"
"787.5","0.0010349592565298"
"788","0.0010354844897332"
"788.5","0.0010360097724076"
"789","0.0010365349387054"
"789.5","0.0010370598368599"
"790","0.0010375843278829"
"790.5","0.0010381082843976"
"791","0.00103863158959"
"791.5","0.0010391541362682"
"792","0.0010396758260155"
"792.5","0.0010401965684281"
"793","0.0010407162804281"
"793.5","0.0010412348856433"
"794","0.0010417523138472"
"794.5","0.001042268500452"
"795","0.0010427833860497"
"795.5","0.0010432969159955"
"796","0.0010438090400302"
"796.5","0.0010443197119363"
"797","0.0010448288892252"
"797.5","0.0010453365328522"
"798","0.0010458426069561"
"798.5","0.0010463470786213"
"799","0.0010468499176608"
"799.5","0.0010473510964164"
"800","0.0010478505895761"
"800.5","0.0010483483740062"
"801","0.0010488444285972"
"801.5","0.0010575345353682"
"802","0.0010628231428597"
"802.5","0.0010642258056488"
"803","0.0010697364993756"
"803.5","0.0010741527548201"
"804","0.0010771330046864"
"804.5","0.0010805225910794"
"805","0.0010843336137522"
"805.5","0.0010899716554224"
"806","0.0010935279784064"
"806.5","0.0010964505365515"
"807","0.0010995066828615"
"807.5","0.0011027058532777"
"808","0.0011031452710509"
"808.5","0.0011065891509003"
"809","0.0011090430246233"
"809.5","0.0011123709856267"
"810","0.0011155640559544"
"810.5","0.0011188919202565"
"811","0.0011229003669313"
"811.5","0.0011260800290385"
"812","0.0011284907287821"
"812.5","0.0011310450010205"
"813","0.0011336002492468"
"813.5","0.0011281519006826"
"814","0.0011286037073664"
"814.5","0.0011360814032305"
"815","0.001142829119896"
"815.5","0.0011482993281148"
"816","0.0011530066600833"
"816.5","0.0011575427791144"
"817","0.0011621659174696"
"817.5","0.001166525951921"
"818","0.0011700898817304"
"818.5","0.0011734911130906"
"819","0.0011768818667901"
"819.5","0.0011803995926772"
"820","0.0011839108970523"
"820.5","0.0011874129371273"
"821","0.0011907721780699"
"821.5","0.0011941219451719"
"822","0.001197329793197"
"822.5","0.0012005309859185"
"823","0.0012035911013377"
"823.5","0.0012065080964541"
"824","0.0012092825156431"
"824.5","0.001211914842665"
"825","0.0012145506454067"
"825.5","0.0012171918360129"
"826","0.0012196931791655"
"826.5","0.0012220526035668"
"827","0.0012242701608479"
"827.5","0.0012264967683874"
"828","0.001228274155249"
"828.5","0.001228567285035"
"829","0.0012347000309971"
"829.5","0.0012372868458749"
"830","0.0012395184006857"
"830.5","0.0012412985976587"
"831","0.0012435468958025"
"831.5","0.0012463856008504"
"832","0.001249091952471"
"832.5","0.0012516545880276"
"833","0.0012543613309553"
"833.5","0.0012570712785237"
"834","0.0012599223683382"
"834.5","0.0012627742791175"
"835","0.0012656247300018"
"835.5","0.0012686111976551"
"836","0.0012717312920029"
"836.5","0.0012754865771155"
"837","0.0012800308224349"
"837.5","0.0012847640646531"
"838","0.0012882129579496"
"838.5","0.0012878580296785"
"839","0.0012876170059628"
"839.5","0.0012874334612656"
"840","0.0012877021568723"
"840.5","0.0012880012601388"
"841","0.001288065265965"
"841.5","0.0012882405699156"
"842","0.0012883298415502"
"842.5","0.0012884644723645"
"843","0.0012887376592674"
"843.5","0.0012890316613141"
"844","0.0012893437217987"
"844.5","0.001289672355153"
"845","0.001290016202579"
"845.5","0.0012903740128458"
"846","0.001290744633066"
"846.5","0.0012911270003608"
"847","0.0012915201342718"
"847.5","0.0012919231298509"
"848","0.0012923351513641"
"848.5","0.0012927554265543"
"849","0.0012931832414106"
"849.5","0.0012936179353979"
"850","0.0012940588971052"
"850.5","0.0012945055602725"
"851","0.0012949574001639"
"851.5","0.0012954139302542"
"852","0.0012958746991999"
"852.5","0.0012963392880706"
"853","0.0012968073078154"
"853.5","0.0012972783969448"
"854","0.0012977522194073"
"854.5","0.0012982284626443"
"855","0.0012987068358072"
"855.5","0.0012991870681217"
"856","0.0012996950669568"
"856.5","0.0013002059805428"
"857","0.0013007192440917"
"857.5","0.0013012345498242"
"858","0.0013017516138456"
"858.5","0.0013022701727208"
"859","0.0013027899818802"
"859.5","0.0013033108141704"
"860","0.0013038324585256"
"860.5","0.0013043547187497"
"861","0.0013048774123985"
"861.5","0.0013054003697545"
"862","0.001305923432884"
"862.5","0.0013064464547719"
"863","0.0013069692985255"
"863.5","0.0013074918366421"
"864","0.0013080139503352"
"864.5","0.0013085355289131"
"865","0.001309056469207"
"865.5","0.0013095766750433"
"866","0.0013100960567568"
"866.5","0.001310614530741"
"867","0.0013111320190333"
"867.5","0.0013116484489311"
"868","0.0013121637526366"
"868.5","0.0013126778669287"
"869","0.001313190732859"
"869.5","0.0013137022954694"
"870","0.0013142125035318"
"870.5","0.0013147213093049"
"871","0.0013152286683099"
"871.5","0.0013157345391216"
"872","0.001316238883174"
"872.5","0.0013167416645803"
"873","0.0013172428499645"
"873.5","0.0013177424083057"
"874","0.0013182403107921"
"874.5","0.0013187365306857"
"875","0.0013192310431955"
"875.5","0.00131972382536"
"876","0.0013202148559363"
"876.5","0.001320704115298"
"877","0.0013211915853385"
"877.5","0.0013216772493814"
"878","0.0013221610920963"
"878.5","0.00132264309942"
"879","0.0013231232584831"
"879.5","0.0013236015575404"
"880","0.0013240779859068"
"880.5","0.0013245525338958"
"881","0.0013250251927632"
"881.5","0.0013254959546533"
"882","0.0013259648125486"
"882.5","0.0013264317602227"
"883","0.0013268967921958"
"883.5","0.001327359903693"
"884","0.0013278210906049"
"884.5","0.0013282803494509"
"885","0.0013287376773439"
"885.5","0.001329193071958"
"886","0.001329646531497"
"886.5","0.0013300980546657"
"887","0.0013305476406423"
"887.5","0.001330995289052"
"888","0.0013314665852046"
"888.5","0.0013319369296733"
"889","0.0013324060599228"
"889.5","0.0013328739277518"
"890","0.0013333404897842"
"890.5","0.0013338057058498"
"891","0.0013343484312843"
"891.5","0.0013348288018341"
"892","0.0013315281267042"
"892.5","0.0013259349225545"
"893","0.0013254799533408"
"893.5","0.0013199548587734"
"894","0.001313445385912"
"894.5","0.0013068663573404"
"895","0.0013002655296205"
"895.5","0.0012912726644792"
"896","0.0012701274209683"
"896.5","0.0012496473387144"
"897","0.0012297670566346"
"897.5","0.0012274647124901"
"898","0.0012053252422502"
"898.5","0.001193504930817"
"899","0.001185414960358"
"899.5","0.0011747054382977"
"900","0.0011700067525544"
"900.5","0.0011665898204739"
"901","0.0011675498021551"
"901.5","0.0011685927130914"
"902","0.0011697995964437"
"902.5","0.0011710111184884"
"903","0.0011723487533478"
"903.5","0.0011737996536922"
"904","0.0011753514062166"
"904.5","0.0011769928770166"
"905","0.0011787140877422"
"905.5","0.0011805060970227"
"906","0.0011822151151961"
"906.5","0.0011839762879106"
"907","0.0011857845227711"
"907.5","0.0011876344033942"
"908","0.0011895210688115"
"908.5","0.0011914401620288"
"909","0.0011933877779892"
"909.5","0.0011953604169089"
"910","0.0011973549424764"
"910.5","0.0011993685444143"
"911","0.0012013987049508"
"911.5","0.0012032932471626"
"912","0.0012051979310163"
"912.5","0.0012071120588376"
"913","0.0012090341989505"
"913.5","0.0012112619090588"
"914","0.0012134994075507"
"914.5","0.0012157429628092"
"915","0.0012179913277229"
"915.5","0.00122024340868"
"916","0.0012224982323323"
"916.5","0.0012247549332183"
"917","0.001227012742812"
"917.5","0.0012292709796949"
"918","0.0012315290407312"
"918.5","0.0012336364520373"
"919","0.0012357413576506"
"919.5","0.0012378445325643"
"920","0.0012399457052339"
"920.5","0.0012420446310696"
"921","0.0012441410971868"
"921.5","0.0012462349192784"
"922","0.0012483259387321"
"922.5","0.0012504140200295"
"923","0.0012524990483959"
"923.5","0.0012545809276784"
"924","0.0012566595784282"
"924.5","0.0012587349361682"
"925","0.0012608069498256"
"925.5","0.0012628755803162"
"926","0.0012649407992636"
"926.5","0.0012670025878406"
"927","0.0012690609357218"
"927.5","0.0012711158401363"
"928","0.0012730138721605"
"928.5","0.0012749079047418"
"929","0.0012767989658731"
"929.5","0.0012786870825589"
"930","0.0012805722767521"
"930.5","0.0012824545719425"
"931","0.0012843339929881"
"931.5","0.0012862105659165"
"932","0.0012880843177457"
"932.5","0.0012894250881687"
"933","0.0012900131099347"
"933.5","0.00129059710813"
"934","0.001291177129137"
"934.5","0.0012917532212868"
"935","0.0012923254325507"
"935.5","0.0012928938104393"
"936","0.0012934584019357"
"936.5","0.0012940192534375"
"937","0.0012945764107087"
"937.5","0.0012951299188385"
"938","0.0012956798222068"
"938.5","0.0012962535336081"
"939","0.0012968249369514"
"939.5","0.0012973937537404"
"940","0.0012979599796731"
"940.5","0.0012985236137531"
"941","0.0012990846559959"
"941.5","0.0012996431073302"
"942","0.001300198969522"
"942.5","0.0013007522451057"
"943","0.0013013029373193"
"943.5","0.0013018510500469"
"944","0.0013023965877635"
"944.5","0.0013029395554866"
"945","0.0013034799587293"
"945.5","0.0013040178034592"
"946","0.0013045530960591"
"946.5","0.0013050858432915"
"947","0.0013056160522654"
"947.5","0.0013061437304066"
"948","0.0013066688854288"
"948.5","0.0013071915253085"
"949","0.001307711658261"
"949.5","0.0013082292927179"
"950","0.0013087444373075"
"950.5","0.0013092571008358"
"951","0.001309793293058"
"951.5","0.0013103281645446"
"952","0.0013108614316633"
"952.5","0.0013113930501337"
"953","0.0013119229806735"
"953.5","0.0013124511870482"
"954","0.0013129776358457"
"954.5","0.0013135022962784"
"955","0.0013140251400019"
"955.5","0.0013145461409468"
"956","0.0013150652751639"
"956.5","0.0013155825206809"
"957","0.0013160978573708"
"957.5","0.0013166112668284"
"958","0.001317122732258"
"958.5","0.0013176322383676"
"959","0.0013181397712717"
"959.5","0.0013186453184011"
"960","0.0013191488684183"
"960.5","0.0013196504111402"
"961","0.0013201499374645"
"961.5","0.0013206474393029"
"962","0.0013211429095178"
"962.5","0.0013216363418632"
"963","0.0013221277309306"
"963.5","0.0013226170720971"
"964","0.0013231043614782"
"964.5","0.0013235895958826"
"965","0.001324072772771"
"965.5","0.0013245538902164"
"966","0.0013250329468678"
"966.5","0.0013255099419157"
"967","0.0013259848750602"
"967.5","0.0013264577464802"
"968","0.0013269015365818"
"968.5","0.0013272466465444"
"969","0.0013271088834219"
"969.5","0.0013274284336341"
"970","0.0013277486375295"
"970.5","0.0013280988822221"
"971","0.0013284458768456"
"971.5","0.0013288217033965"
"972","0.0013291953833016"
"972.5","0.0013295665800067"
"973","0.0013299353231571"
"973.5","0.0013303016448422"
"974","0.0013306957965917"
"974.5","0.0013310889212309"
"975","0.0013314504382962"
"975.5","0.0013318091870118"
"976","0.0013321655622099"
"976.5","0.001332519598187"
"977","0.0013329018002899"
"977.5","0.0013332830637294"
"978","0.0013336630445282"
"978.5","0.0013340698404731"
"979","0.0013344765579368"
"979.5","0.0013349713604292"
"980","0.0013354858631191"
"980.5","0.0013360040387993"
"981","0.0013364588523031"
"981.5","0.001336995118348"
"982","0.0013374295637944"
"982.5","0.0013377693037675"
"983","0.0013382834933022"
"983.5","0.0013387366853929"
"984","0.0013391875117255"
"984.5","0.0013396365365332"
"985","0.0013400837584399"
"985.5","0.0013405291728907"
"986","0.0013409727759636"
"986.5","0.0013414145643551"
"987","0.0013418545353439"
"987.5","0.0013422926867573"
"988","0.0013427290169392"
"988.5","0.0013431635247206"
"989","0.0013435962093916"
"989.5","0.0013440270706747"
"990","0.0013444561087004"
"990.5","0.0013448833239834"
"991","0.0013453087174014"
"991.5","0.0013457322901733"
"992","0.0013461540438409"
"992.5","0.0013465739802496"
"993","0.0013469921015314"
"993.5","0.0013474084100887"
"994","0.0013478229085786"
"994.5","0.0013482355998983"
"995","0.0013486464871717"
"995.5","0.0013490555737359"
"996","0.0013494628631293"
"996.5","0.0013498683590797"
"997","0.0013502720654935"
"997.5","0.0013506739864453"
"998","0.0013510741261678"
"998.5","0.0013514724890428"
"999","0.0013518690795924"
"999.5","0.0013522639024703"
"1000","0.0013526569624541"
"1000.5","0.0013530482644381"
"1001","0.0013534378134255"
"1001.5","0.0013538256145224"
"1002","0.001354211672931"
"1002.5","0.0013545959939435"
"1003","0.0013549785829368"
"1003.5","0.0013553594453664"
"1004","0.0013557385867618"
"1004.5","0.0013561160127213"
"1005","0.0013564917289075"
"1005.5","0.0013568657410427"
"1006","0.0013572380549049"
"1006.5","0.0013576086763235"
"1007","0.0013579776111761"
"1007.5","0.001358344865384"
"1008","0.0013587104449099"
"1008.5","0.0013590743557537"
"1009","0.0013594366039498"
"1009.5","0.0013597971955642"
"1010","0.0013601561366919"
"1010.5","0.0013605134334537"
"1011","0.001360869091994"
"1011.5","0.0013612231184788"
"1012","0.0013615755190926"
"1012.5","0.0013619263000368"
"1013","0.0013622754675278"
"1013.5","0.0013626230277945"
"1014","0.0013629689870767"
"1014.5","0.0013633133516235"
"1015","0.0013637228213216"
"1015.5","0.0013641327608283"
"1016","0.0013645426716724"
"1016.5","0.0013649524118654"
"1017","0.0013653618535735"
"1017.5","0.0013657708804265"
"1018","0.0013661793864911"
"1018.5","0.0013665872753431"
"1019","0.0013669944592263"
"1019.5","0.0013674008582872"
"1020","0.0013678063998798"
"1020.5","0.0013682110179344"
"1021","0.0013686146523825"
"1021.5","0.0013690172486346"
"1022","0.001369418757105"
"1022.5","0.0013698191327791"
"1023","0.0013702183348198"
"1023.5","0.0013706163262091"
"1024","0.0013710130734216"
"1024.5","0.0013714085461271"
"1025","0.0013718027169195"
"1025.5","0.0013721955610697"
"1026","0.0013725870563003"
"1026.5","0.0013729771825801"
"1027","0.0013733659219364"
"1027.5","0.001373753258284"
"1028","0.0013741391772683"
"1028.5","0.0013745236661234"
"1029","0.0013749067135408"
"1029.5","0.0013752883095502"
"1030","0.0013756684454109"
"1030.5","0.0013760471135113"
"1031","0.0013763576023105"
"1031.5","0.0013765413498844"
"1032","0.0013764574824497"
"1032.5","0.0013766963739345"
"1033","0.001376965742894"
"1033.5","0.0013772330626152"
"1034","0.0013774980401155"
"1034.5","0.001377760699063"
"1035","0.0013780210675209"
"1035.5","0.0013782791752078"
"1036","0.0013785350531525"
"1036.5","0.0013787887334043"
"1037","0.0013790402581771"
"1037.5","0.0013792896626991"
"1038","0.0013795369806369"
"1038.5","0.0013797822458239"
"1039","0.0013800254921199"
"1039.5","0.0013802667532828"
"1040","0.0013805060628579"
"1040.5","0.0013807434540826"
"1041","0.0013809789598056"
"1041.5","0.0013812126124188"
"1042","0.0013814444437995"
"1042.5","0.0013816744852633"
"1043","0.0013819027675251"
"1043.5","0.0013821575711382"
"1044","0.0013824115423868"
"1044.5","0.0013827341097949"
"1045","0.0013830758690045"
"1045.5","0.0013834187744666"
"1046","0.0013837625087141"
"1046.5","0.0013841224615019"
"1047","0.0013844833339789"
"1047.5","0.001384844816189"
"1048","0.0013852197562911"
"1048.5","0.0013855952452929"
"1049","0.001385970982911"
"1049.5","0.0013863572882894"
"1050","0.0013867436462117"
"1050.5","0.0013871378321171"
"1051","0.001387531715901"
"1051.5","0.0013879065036383"
"1052","0.0013882906782163"
"1052.5","0.001388673789878"
"1053","0.0013890556845018"
"1053.5","0.0013894441986645"
"1054","0.0013898312571541"
"1054.5","0.0013902167062305"
"1055","0.0013905925188466"
"1055.5","0.0013909665832465"
"1056","0.0013913388537442"
"1056.5","0.0013917092898077"
"1057","0.00139206757995"
"1057.5","0.0013924241314491"
"1058","0.0013927789625239"
"1058.5","0.0013931320743142"
"1059","0.001393470780877"
"1059.5","0.0013938079394235"
"1060","0.0013941435967844"
"1060.5","0.0013944626197692"
"1061","0.0013947802890923"
"1061.5","0.0013865191116423"
"1062","0.001386267624597"
"1062.5","0.0013862529840397"
"1063","0.0013862805709278"
"1063.5","0.0013862598524785"
"1064","0.0013862326674215"
"1064.5","0.0013862441131023"
"1065","0.0013862512462736"
"1065.5","0.0013862533952045"
"1066","0.0013863320649906"
"1066.5","0.0013866313004073"
"1067","0.0013869942420069"
"1067.5","0.001387089047992"
"1068","0.0013871744607818"
"1068.5","0.0013872170821953"
"1069","0.0013872549876743"
"1069.5","0.0013872888336943"
"1070","0.0013873186984182"
"1070.5","0.0013873446593076"
"1071","0.0013873667990158"
"1071.5","0.0013873852044331"
"1072","0.0013873999657728"
"1072.5","0.0013874111757646"
"1073","0.0013874189289448"
"1073.5","0.0013874233210333"
"1074","0.0013874244483888"
"1074.5","0.0013874224075327"
"1075","0.001387417294737"
"1075.5","0.0013874092056667"
"1076","0.0013873982350721"
"1076.5","0.0013873844765264"
"1077","0.0013873680222024"
"1077.5","0.0013873489626838"
"1078","0.0013873273868093"
"1078.5","0.0013873033815434"
"1079","0.0013872770318721"
"1079.5","0.0013872484207209"
"1080","0.0013872176288914"
"1080.5","0.0013871847350153"
"1081","0.0013871498155232"
"1081.5","0.0013871129446265"
"1082","0.0013870741943103"
"1082.5","0.0013870747735724"
"1083","0.0013870754623788"
"1083.5","0.0013870757206202"
"1084","0.0013870755464843"
"1084.5","0.0013870749440733"
"1085","0.0013870739175011"
"1085.5","0.0013870724708298"
"1086","0.001387070608067"
"1086.5","0.0013870683331639"
"1087","0.0013870656500139"
"1087.5","0.0013870625624515"
"1088","0.0013870590742509"
"1088.5","0.001387055189126"
"1089","0.0013870509107295"
"1089.5","0.0013870462426527"
"1090","0.0013870411884257"
"1090.5","0.001387035751517"
"1091","0.0013870299353344"
"1091.5","0.0013870237432246"
"1092","0.0013870171784742"
"1092.5","0.0013870102443103"
"1093","0.0013870029439006"
"1093.5","0.0013869952803547"
"1094","0.0013869872567246"
"1094.5","0.0013869788760056"
"1095","0.0013869701411373"
"1095.5","0.0013869610550044"
"1096","0.0013869093932967"
"1096.5","0.0013869746344838"
"1097","0.0013868800650329"
"1097.5","0.0013867317935708"
"1098","0.001386671617412"
"1098.5","0.0013866539524976"
"1099","0.0013866368827553"
"1099.5","0.0013865772363423"
"1100","0.0013865155740726"
"1100.5","0.0013864525934182"
"1101","0.0013863883549577"
"1101.5","0.0013863229094117"
"1102","0.0013862563054914"
"1102.5","0.0013861885900431"
"1103","0.0013861198081024"
"1103.5","0.0013860500029492"
"1104","0.0013859792161621"
"1104.5","0.0013859074876723"
"1105","0.0013858780815359"
"1105.5","0.0013858497927861"
"1106","0.0013858220061545"
"1106.5","0.0013858353114083"
"1107","0.0013858509067776"
"1107.5","0.0013858681777883"
"1108","0.0013859250316604"
"1108.5","0.0013859850735729"
"1109","0.0013860476881448"
"1109.5","0.0013861480947262"
"1110","0.001386252312031"
"1110.5","0.0013864751593856"
"1111","0.0013867062175753"
"1111.5","0.0013869441322873"
"1112","0.0013872104034554"
"1112.5","0.0013874832811515"
"1113","0.0013877619470288"
"1113.5","0.0013880457413954"
"1114","0.0013883536244601"
"1114.5","0.0013886663490654"
"1115","0.0013889832279059"
"1115.5","0.0013893036944686"
"1116","0.0013896441666931"
"1116.5","0.0013899709960381"
"1117","0.0013903311551824"
"1117.5","0.0013906292640253"
"1118","0.0013909420087586"
"1118.5","0.0013912884583762"
"1119","0.0013915938100709"
"1119.5","0.0013919696529166"
"1120","0.0013923658099471"
"1120.5","0.0013927551168004"
"1121","0.0013930447987339"
"1121.5","0.0013932218151016"
"1122","0.0013933270335883"
"1122.5","0.0013933878925957"
"1123","0.0013933981232794"
"1123.5","0.0013933951017875"
"1124","0.0013933751621777"
"1124.5","0.0013933763356359"
"1125","0.0013934301610065"
"1125.5","0.0013934633607472"
"1126","0.0013936946086399"
"1126.5","0.0013939548015666"
"1127","0.0013932104340893"
"1127.5","0.0013896991139313"
"1128","0.0013807136386021"
"1128.5","0.0013768253152754"
"1129","0.0013757903960589"
"1129.5","0.0013722735137122"
"1130","0.0013668141428588"
"1130.5","0.0013602285722906"
"1131","0.001353454860967"
"1131.5","0.001346102429214"
"1132","0.0013375391213016"
"1132.5","0.0013285883965521"
"1133","0.001319653489969"
"1133.5","0.0013177378907884"
"1134","0.0013079771411848"
"1134.5","0.0013055984843153"
"1135","0.0013009668623101"
"1135.5","0.0012931816002736"
"1136","0.0012849267198676"
"1136.5","0.0012747279307866"
"1137","0.001264644864662"
"1137.5","0.0012616940322055"
"1138","0.0012496719447323"
"1138.5","0.0012429919175869"
"1139","0.0012332421036896"
"1139.5","0.0012187940987347"
"1140","0.0012034309621592"
"1140.5","0.0011872170114203"
"1141","0.0011701415889989"
"1141.5","0.0011536184048849"
"1142","0.001137865180259"
"1142.5","0.0011228592545524"
"1143","0.001108594965756"
"1143.5","0.0010951885709451"
"1144","0.0010824861033209"
"1144.5","0.001071159862756"
"1145","0.0010713677455417"
"1145.5","0.0010599386492235"
"1146","0.0010555749323291"
"1146.5","0.0010461454363105"
"1147","0.0010353809305813"
"1147.5","0.0010249932143604"
"1148","0.0010155100186004"
"1148.5","0.0010067909864368"
"1149","0.00099889462080083"
"1149.5","0.00099178196147764"
"1150","0.00098542007493812"
"1150.5","0.00099360626398451"
"1151","0.0010014053530439"
"1151.5","0.0010084976315601"
"1152","0.0010128965642659"
"1152.5","0.0010186335639223"
"1153","0.0010237105391821"
"1153.5","0.0010303648487912"
"1154","0.0010368847368641"
"1154.5","0.0010428567787003"
"1155","0.0010480562238966"
"1155.5","0.0010528242525432"
"1156","0.0010576205470586"
"1156.5","0.0010621976973797"
"1157","0.0010660263867911"
"1157.5","0.0010666649639458"
"1158","0.0010707376465559"
"1158.5","0.0010734401375062"
"1159","0.0010750989630234"
"1159.5","0.0010767542238839"
"1160","0.0010770718366537"
"1160.5","0.0010773338999255"
"1161","0.0010775461569126"
"1161.5","0.0010777136193055"
"1162","0.0010778408572815"
"1162.5","0.0010779320216948"
"1163","0.0010779908688319"
"1163.5","0.0010780207874528"
"1164","0.0010780248269183"
"1164.5","0.0010780057254451"
"1165","0.0010779659377652"
"1165.5","0.0010779076616666"
"1166","0.0010778328630601"
"1166.5","0.0010777432993556"
"1167","0.0010776405410367"
"1167.5","0.0010775259914041"
"1168","0.0010774009045172"
"1168.5","0.0010772664014047"
"1169","0.0010771234846407"
"1169.5","0.0010769730514009"
"1170","0.0010768159051201"
"1170.5","0.0010766527658731"
"1171","0.001076484279601"
"1171.5","0.001076311026298"
"1172","0.0010761335272673"
"1172.5","0.0010759522515465"
"1173","0.0010757676215944"
"1173.5","0.0010755800183233"
"1174","0.001075389785552"
"1174.5","0.0010751972339461"
"1175","0.0010750026445075"
"1175.5","0.0010748062716649"
"1176","0.0010746083460136"
"1176.5","0.0010744090767462"
"1177","0.0010742086538113"
"1177.5","0.0010740072498319"
"1178","0.0010738050218134"
"1178.5","0.0010736021126642"
"1179","0.0010733986525536"
"1179.5","0.0010731947601233"
"1180","0.0010729905435719"
